end_time_local,album_artist_name,ms_played_minutes
2013-10,Linkin Park,91.56516666666667
2013-10,Breaking Benjamin,4.3248999999999995
2013-10,Miley Cyrus,3.5913333333333335
2013-10,Three Days Grace,3.48375
2013-10,Rise Against,3.2342166666666667
2013-10,blink-182,2.8
2013-10,Hugh Jackman,1.8583
2013-10,Foo Fighters,1.7949
2013-10,Isabelle Allen,1.6759833333333334
2013-10,Sacha Baron Cohen,1.2744
2013-10,Les Misérables Cast,1.1901666666666666
2013-10,Of Monsters and Men,0.6896833333333333
2013-10,Hollywood Undead,0.5763666666666667
2013-10,Anne Hathaway,0.4448
2013-10,Earlimart,0.42568333333333336
2013-10,LeetStreet Boys,0.41175
2013-10,John Hewer,0.3708
2013-10,Dr. Dre,0.3691833333333333
2013-10,Scatman John,0.3686333333333333
2013-10,12 Stones,0.2916166666666667
2013-10,Paramore,0.2887
2013-10,sasakure.UK,0.2737833333333333
2013-10,Samantha Barks,0.21111666666666667
2013-10,P.O.D.,0.20706666666666668
2013-10,MGMT,0.18343333333333334
2013-10,The Strokes,0.14628333333333332
2013-10,Chew-Mushizooka,0.14133333333333334
2013-10,SOSOSO (Tsukui Kazuhito),0.12863333333333332
2013-10,AVTechNO!,0.12693333333333334
2013-10,DECO*27,0.10498333333333335
2013-10,Thirty Seconds To Mars,0.1006
2013-10,Hoobastank,0.09055
2013-10,Nickelback,0.07971666666666667
2013-10,The Album Leaf,0.07156666666666667
2013-10,JAY-Z,0.06733333333333333
2013-10,Dead By Sunrise,0.065
2013-10,John Gallagher Jr.,0.06191666666666667
2013-10,Slipknot,0.05803333333333333
2013-10,Kalafina,0.05648333333333333
2013-10,Skrillex,0.055716666666666664
2013-10,Drowning Pool,0.05416666666666667
2013-10,ELLEGARDEN,0.0534
2013-10,Andrew Lloyd Webber,0.0472
2013-10,CRA,0.044116666666666665
2013-10,RURUTIA,0.04256666666666667
2013-10,ANISON PROJECT,0.04178333333333333
2013-10,KISS,0.04178333333333333
2013-10,mothy,0.040233333333333336
2013-10,Maroon 5,0.039466666666666664
2013-10,Gym Class Heroes,0.03791666666666667
2013-10,Brain Tingle Sensation,0.03405
2013-10,Staind,0.0294
2013-10,B.o.B,0.028633333333333334
2013-10,Papa Roach,0.028633333333333334
2013-10,Body Language,0.02785
2013-10,Title Fight,0.02785
2013-10,Sleeping With Sirens,0.024766666666666666
2013-10,Two Door Cinema Club,0.023216666666666667
2013-10,Avenged Sevenfold,0.021666666666666667
2013-10,Kristine Sa,0.020883333333333334
2013-10,System Of A Down,0.020116666666666668
2013-10,Born Gold,0.0
2013-10,Dalshabet,0.0
2013-10,Earth Project,0.0
2013-10,Glaze Cabana,0.0
2013-10,Gray Brigade,0.0
2013-10,Green Day,0.0
2013-10,Guo Brothers,0.0
2013-10,Kindred Gomez,0.0
2013-10,Lady Nogrady,0.0
2013-10,Melo-M,0.0
2013-10,Mosaic.Wav,0.0
2013-10,Neoromancia,0.0
2013-10,R. Master,0.0
2013-10,Shiroku,0.0
2013-10,Willy Silva,0.0
2013-10,e.via,0.0
2013-10,twinbird,0.0
2013-11,3 Doors Down,1.5503
2013-11,Three Days Grace,0.5417166666666666
2013-11,Billy Talent,0.18265
2013-11,Papa Roach,0.1339
2013-11,Hoobastank,0.07351666666666666
2013-11,KISS,0.07043333333333333
2014-03,monaca:factory,6.8026
2014-03,Duc de Japan,4.571416666666667
2014-03,Mosaic.Wav,4.52885
2014-03,Anime Project,4.415766666666666
2014-03,Takase Yoko,4.201766666666667
2014-03,The Barden Bellas,4.0811166666666665
2014-03,Kyoto Piano Ensemble,3.7944500000000003
2014-03,The Game Music Committee,3.79025
2014-03,Yura Hazuki,3.7124333333333333
2014-03,Manga Star,3.65495
2014-03,Not Lost in Translation,3.1882
2014-03,RMaster,1.8479
2014-03,M.G.G original,1.6864833333333333
2014-03,"Penton Overseas, Inc.",0.5106
2014-03,Miriam Yeung,0.46113333333333334
2014-03,BECCA feat. Miku Hatsune,0.2728833333333333
2014-03,Supper Moment,0.25698333333333334
2014-03,Orgel Sound J-pop,0.2539
2014-03,Cast - Frozen,0.20543333333333333
2014-03,Anime Toonz presents Yukari Fukui,0.18281666666666666
2014-03,The Sockapellas,0.1752
2014-03,Linkin Park,0.17375
2014-03,Rise Against,0.17093333333333333
2014-03,Network Music Ensemble,0.13045
2014-03,Terence Siufay,0.1243
2014-03,LeetStreet Boys,0.12106666666666667
2014-03,The Treblemakers,0.10745
2014-03,Christophe Beck,0.10628333333333334
2014-03,Shiroku,0.10426666666666667
2014-03,SOSOSO (Tsukui Kazuhito),0.10198333333333333
2014-03,The Lorax Singers,0.0919
2014-03,Karmin,0.07206666666666667
2014-03,twinbird,0.06591666666666667
2014-03,Anime Kei,0.05895
2014-03,Kano Sakura,0.0577
2014-03,Anzen Unten Committee,0.05218333333333333
2014-03,Bridgit Mendler,0.0514
2014-03,The Evolved,0.048933333333333336
2014-03,Yui,0.045116666666666666
2014-03,Hullabahoos,0.04255
2014-03,RURUTIA,0.0383
2014-03,Penguins Project,0.03686666666666667
2014-03,Owl City,0.032733333333333337
2014-03,OneRepublic,0.0327
2014-03,Angel's Music Box,0.032683333333333335
2014-03,Vocalekt Visions,0.03225
2014-03,R. Master,0.03075
2014-03,Anna Kendrick,0.030366666666666667
2014-03,Sara Bareilles,0.030316666666666665
2014-03,Taylor Swift,0.02755
2014-03,VAMPS,0.0275
2014-03,Plastic Tree,0.025866666666666666
2014-03,tokuP,0.022566666666666665
2014-03,Dungeon Elite,0.022433333333333333
2014-03,Carly Rae Jepsen,0.021316666666666668
2014-03,HIGH and MIGHTY COLOR,0.021116666666666666
2014-03,Demi Lovato,0.018116666666666666
2014-03,Thematic Pianos,0.01715
2014-03,ANISON PROJECT,0.0
2014-03,Akiko Shikata,0.0
2014-03,Charm,0.0
2014-03,Cher Lloyd,0.0
2014-03,Christina Perri,0.0
2014-03,D=OUT,0.0
2014-03,Hanako Oku,0.0
2014-03,Hot Chelle Rae,0.0
2014-03,Jerry Yan,0.0
2014-03,Jessie J,0.0
2014-03,Kesha,0.0
2014-03,KnuthP,0.0
2014-03,L'Arc-en-Ciel,0.0
2014-03,Lia,0.0
2014-03,Neoromancia,0.0
2014-03,Phillip Phillips,0.0
2014-03,Tempo-P & NeutrinoP,0.0
2014-03,Toraboruta,0.0
2014-03,mappu,0.0
2014-04,Throw The Fight,2.9339166666666667
2014-04,Maia Wilson,2.7141
2014-04,Surface 2 Air,2.5354666666666668
2014-04,Kristen Anderson-Lopez,1.4322
2014-04,Of Mice & Men,1.4192
2014-04,Original Cast Recording,1.2925666666666666
2014-04,Robert Lopez,0.98495
2014-04,Broken Iris,0.7439333333333333
2014-04,Jonathan Groff,0.7352833333333333
2014-04,StarKid,0.6398833333333334
2014-04,The Space Tour Cast,0.62885
2014-04,I The Mighty,0.44095
2014-04,Monsalve,0.4121666666666667
2014-04,Demi Lovato,0.3991166666666667
2014-04,Aperture Science Psychoacoustic Laboratories,0.3233666666666667
2014-04,Billy Crystal,0.28981666666666667
2014-04,Stephen Schwartz,0.25993333333333335
2014-04,Anime Toonz presents Yukari Fukui,0.24843333333333334
2014-04,Manga Star,0.21865
2014-04,Shiroku,0.17821666666666666
2014-04,Pitty,0.17551666666666665
2014-04,Duc de Japan,0.16148333333333334
2014-04,Evanescence,0.15938333333333332
2014-04,Hugh Jackman,0.14403333333333335
2014-04,The Evolved,0.12361666666666667
2014-04,Samuel E. Wright,0.11066666666666666
2014-04,Lost Autumn,0.09685
2014-04,Devin Taylor,0.08863333333333333
2014-04,Josh Gad,0.08495
2014-04,Inon Zur,0.0725
2014-04,The Seeking,0.0677
2014-04,Emil Bulls,0.06423333333333334
2014-04,Miracle Of Sound,0.0636
2014-04,Lemon Demon,0.062
2014-04,Random Encounter,0.059583333333333335
2014-04,R. Master,0.050866666666666664
2014-04,Renée Zellweger,0.050583333333333334
2014-04,Justified Fighting Crew Of MuMu,0.05
2014-04,12 Stones,0.04643333333333333
2014-04,FORTHANGEL,0.04643333333333333
2014-04,Harajuku Nation,0.04488333333333333
2014-04,Christophe Beck,0.044333333333333336
2014-04,Cosplay Memories,0.043816666666666663
2014-04,ANISON PROJECT,0.04301666666666667
2014-04,Nightwish,0.037033333333333335
2014-04,Jonas B. Ingebretsen,0.0349
2014-04,Kristen Bell,0.03403333333333333
2014-04,Aaron Tveit,0.0334
2014-04,Jack Wall/Slovak National Symphony Orchestra/Crouch End Festival Chorus/David Temple/Standford Talisman,0.03326666666666667
2014-04,Bird Of Pray,0.0325
2014-04,John Tartaglia,0.03166666666666667
2014-04,Anime Project,0.028766666666666666
2014-04,Lea Michele,0.0263
2014-04,Brian Tuey,0.021666666666666667
2014-04,Darren Korb,0.0
2014-04,Hans Zimmer,0.0
2014-04,Martin O'Donnell,0.0
2014-04,Nostromo Pilots,0.0
2014-04,Ramin Djawadi,0.0
2014-04,Sub Par All Star,0.0
2014-04,The Office Band,0.0
2014-06,Bart Baker,6.56845
2014-06,Stephen Schwartz,5.1644
2014-06,GameChap,4.7377
2014-06,One Direction,4.4161
2014-06,Evanescence,4.0173000000000005
2014-06,Angela Lansbury,3.748883333333333
2014-06,Jodi Benson,3.2582166666666668
2014-06,Lea Salonga,3.0970166666666668
2014-06,Selena Gomez,3.0936833333333333
2014-06,Jason Derulo,3.03865
2014-06,Mandy Moore,2.5765
2014-06,Susan Egan,2.2950833333333334
2014-06,Kristen Bell,2.1227
2014-06,Ariana Grande,1.7707333333333333
2014-06,Michael Bolton,1.7650333333333332
2014-06,OneRepublic,1.5147
2014-06,Brad Kane,1.0574833333333333
2014-06,Olly Murs,0.8967833333333334
2014-06,Britney Spears,0.8770166666666667
2014-06,Creed,0.7609666666666667
2014-06,Mary Costa,0.6009833333333333
2014-06,Katy Perry,0.42185
2014-06,EA Games Soundtrack,0.3921
2014-06,Avril Lavigne,0.3077833333333333
2014-06,Demi Lovato,0.30023333333333335
2014-06,Phil Collins,0.2992666666666667
2014-06,Verna Felton,0.21138333333333334
2014-06,Michelle Branch,0.21076666666666666
2014-06,MKTO,0.2027
2014-06,The Key of Awesome,0.17418333333333333
2014-06,The Wanted,0.15816666666666668
2014-06,Austin Mahone,0.15526666666666666
2014-06,Mark Douglas,0.15516666666666667
2014-06,Sarah McLachlan,0.1499
2014-06,Your Favorite Martian,0.1359
2014-06,Smosh,0.1298
2014-06,Polarix,0.12933333333333333
2014-06,Spoon,0.10965
2014-06,Kesha,0.09781666666666666
2014-06,Little Mix,0.08274999999999999
2014-06,Colbie Caillat,0.08035
2014-06,Conor Maynard,0.07063333333333333
2014-06,Rucka Rucka Ali,0.07056666666666667
2014-06,Randy Newman,0.06978333333333334
2014-06,Daddy Yankee,0.0692
2014-06,Bruce Adler,0.06891666666666667
2014-06,Carrie Underwood,0.06475
2014-06,Original Cast Recording,0.05895
2014-06,Miley Cyrus,0.05726666666666667
2014-06,Tryhardninja,0.0559
2014-06,Donny Osmond,0.055716666666666664
2014-06,Naya Rivera,0.0534
2014-06,Anika Noni Rose,0.05285
2014-06,Roger Bart,0.052616666666666666
2014-06,Screen Team,0.052616666666666666
2014-06,Tony Banks,0.04953333333333333
2014-06,Bryant Oden,0.048883333333333334
2014-06,Rihanna,0.04875
2014-06,Amon Tobin,0.0471
2014-06,Elton John,0.04661666666666667
2014-06,Maroon 5,0.04643333333333333
2014-06,Parachute,0.04643333333333333
2014-06,Rene Auberjonois,0.04618333333333333
2014-06,Cher Lloyd,0.044783333333333335
2014-06,Jason Weaver,0.0426
2014-06,The Yogscast,0.0424
2014-06,Arcade Fire,0.04101666666666667
2014-06,MIKA,0.04078333333333333
2014-06,Amy Adams,0.040183333333333335
2014-06,Samuel E. Wright,0.039466666666666664
2014-06,Chorus - Bambi,0.03843333333333333
2014-06,Epic Rap Battles of History,0.036166666666666666
2014-06,Ed Motta,0.035616666666666665
2014-06,Idina Menzel,0.03495
2014-06,Limp Bizkit,0.03326666666666667
2014-06,Andrew Lloyd Webber,0.033016666666666666
2014-06,Peter Gabriel,0.033016666666666666
2014-06,Alicia Keys,0.031733333333333336
2014-06,Taylor Swift,0.031733333333333336
2014-06,JAY-Z,0.03166666666666667
2014-06,Dick Van Dyke,0.02915
2014-06,Lea Michele,0.028916666666666667
2014-06,Cody Simpson,0.028633333333333334
2014-06,Justin Bieber,0.028233333333333333
2014-06,Rixton,0.027083333333333334
2014-06,James Hannigan,0.02615
2014-06,Silversun Pickups,0.025033333333333335
2014-06,Bridgit Mendler,0.0247
2014-06,Ingrid Michaelson,0.0247
2014-06,Bobby Driscoll,0.02465
2014-06,Frank Klepacki,0.022916666666666665
2014-06,Jeremy Irons,0.022866666666666667
2014-06,Owl City,0.021066666666666668
2014-06,Mark Keali'i Ho'omalu,0.020883333333333334
2014-06,Bloc Party,0.0203
2014-06,Tay Zonday,0.020116666666666668
2014-06,The Summer Set,0.017583333333333333
2014-06,Emblem3,0.017533333333333335
2014-06,Megan Nicole,0.0175
2014-06,He Is We,0.0174
2014-06,Adele,0.0173
2014-06,Bruno Mars,0.01715
2014-06,Nina Nesbitt,0.016916666666666667
2014-06,Hot Chelle Rae,0.016766666666666666
2014-06,5 Seconds of Summer,0.0
2014-06,A Rocket To The Moon,0.0
2014-06,Bastille,0.0
2014-06,Bill Brown,0.0
2014-06,Christina Perri,0.0
2014-06,E.S. Posthumus,0.0
2014-06,Ed Sheeran,0.0
2014-06,Ellie Goulding,0.0
2014-06,GROUPLOVE,0.0
2014-06,Immediate,0.0
2014-06,Jeremy Soule,0.0
2014-06,Johan Skugge & Jukka Rintamäki,0.0
2014-06,Jonas Brothers,0.0
2014-06,Metric,0.0
2014-06,Modest Mouse,0.0
2014-06,Paramore,0.0
2014-06,Phillip Phillips,0.0
2014-06,Ramin Djawadi,0.0
2014-06,Sam Hulick,0.0
2014-06,The Black Keys,0.0
2014-06,The Rapture,0.0
2014-06,The Vamps,0.0
2014-06,The Walkmen,0.0
2014-06,Tori Kelly,0.0
2014-06,We The Kings,0.0
2014-06,Yeah Yeah Yeahs,0.0
2018-12,Six13,6.11985
2018-12,Pharrell Williams,3.8884166666666666
2018-12,Matisyahu,3.7666666666666666
2018-12,Adam Sandler,3.7324333333333333
2018-12,Lil Wayne,3.6973333333333334
2018-12,Hailee Steinfeld,3.6462166666666667
2018-12,Kanye West,3.267333333333333
2018-12,Drake,1.5354833333333333
2018-12,Maccabeats,1.5272833333333333
2018-12,Stereo Wall,1.1539833333333334
2018-12,Beyoncé,0.84
2018-12,ליאור נרקיס,0.15466666666666667
2018-12,Café Shahor Hazak,0.08211666666666667
2018-12,Nadav Guedj,0.0519
2019-01,Ani V'Ata,1.9016166666666667
2019-03,Nava Tehila,0.19491666666666665
2021-10,Manginah (Brandeis University),0.33973333333333333
2022-12,Dai,6.9744166666666665
2022-12,Red Hot Chili Peppers,5.638883333333333
2022-12,Masked Wolf,0.552
2022-12,David Bowie,0.4529666666666667
2022-12,Katy Perry,0.44656666666666667
2022-12,"Crosby, Stills, Nash & Young",0.352
2022-12,Meet Bros Anjjan,0.12656666666666666
2022-12,Quad City DJ's,0.05545
2023-01,Charles Bradley,1.3905666666666667
2023-01,Tom Mansi,0.6727
2023-01,Chance the Rapper,0.30683333333333335
2023-01,Sufjan Stevens,0.25101666666666667
2023-01,Djo,0.1831
2023-01,"Slaughter Beach, Dog",0.11555
2023-01,Barrett Wilbert Weed,0.10061666666666666
2023-01,Noname,0.08568333333333333
2023-01,Jamila Woods,0.0768
2023-01,The War And Treaty,0.02275
2023-02,Vengaboys,0.6794666666666667
2023-02,Bella Thorne,0.14968333333333333
2023-02,The Jackson 5,0.07288333333333333
2023-03,Britney Spears,0.9358166666666666
2023-04,Dai,0.5841666666666666
2023-04,Whitney Houston,0.023466666666666667
2023-04,AmaLee,0.0224
2023-05,QUARTET NIGHT,0.0263
2024-04,Leith Ross,0.2887
2024-05,RuPaul,45.213033333333335
2024-05,Nicki Minaj,40.253416666666666
2024-05,Adele,24.9767
2024-05,Ado,13.612183333333332
2024-05,Train,11.86105
2024-05,神前 暁,11.849516666666666
2024-05,YOASOBI,11.46285
2024-05,Madonna,9.387683333333333
2024-05,Capcom Sound Team,8.069516666666667
2024-05,Alicia Keys,7.560433333333334
2024-05,Cleo Laine,7.4465
2024-05,アトラスサウンドチーム,7.302133333333334
2024-05,Bitmaster,7.301416666666666
2024-05,Lin-Manuel Miranda,7.085566666666667
2024-05,asmi,6.648433333333333
2024-05,John Herrera,6.477116666666667
2024-05,Bob the Drag Queen,6.465933333333334
2024-05,ST☆RISH,5.062133333333334
2024-05,Dixie Flatline,5.024483333333333
2024-05,Billie Eilish,4.786183333333334
2024-05,Lady Gaga,4.380966666666667
2024-05,OneRepublic,4.287766666666666
2024-05,George N. Martin,4.078316666666667
2024-05,Hozier,4.028216666666666
2024-05,ヨルシカ,4.0281666666666665
2024-05,Wonderful★opportunity!,4.0
2024-05,Cher,3.9837666666666665
2024-05,ABBA,3.9713666666666665
2024-05,Cyndi Lauper,3.9711
2024-05,TK from Ling tosite sigure,3.9032833333333334
2024-05,MY FIRST STORY,3.8564166666666666
2024-05,Adam Lambert,3.811066666666667
2024-05,3 Doors Down,3.806783333333333
2024-05,Phillipa Soo,3.754
2024-05,Flo Rida,3.751533333333333
2024-05,Lyn,3.7093
2024-05,U2 Akiyama,3.691666666666667
2024-05,黒崎真音,3.6782166666666667
2024-05,Dai,3.65515
2024-05,Corinne Bailey Rae,3.5893333333333333
2024-05,Leona Lewis,3.5692333333333335
2024-05,Giga,3.4626833333333336
2024-05,Kairikibear,3.3838833333333334
2024-05,The Script,3.37555
2024-05,Carrie Underwood,3.3324333333333334
2024-05,Rachel Bloom,3.31985
2024-05,Aja,3.254383333333333
2024-05,Alexandra Stan,3.25175
2024-05,Panic! At The Disco,3.2136833333333334
2024-05,David Guetta,3.172
2024-05,Maretu,3.051066666666667
2024-05,宝鐘マリン,2.9984166666666665
2024-05,Jason Mraz,2.9908166666666665
2024-05,Sabrina Carpenter,2.9243166666666665
2024-05,Alaska Thunderfuck,2.9090833333333332
2024-05,KALEO,2.9079
2024-05,Spice Girls,2.883766666666667
2024-05,Vacations,2.8285
2024-05,Joan Jett & the Blackhearts,2.75065
2024-05,James Marsden,2.7048833333333335
2024-05,32ki,2.6162
2024-05,INTI CREATES,2.5982
2024-05,Ariana Grande,2.4843166666666665
2024-05,MGMT,2.4248
2024-05,Outkast,2.3014833333333335
2024-05,後藤邑子,2.28335
2024-05,Brittany Snow,2.26155
2024-05,Kanaria,2.2583333333333333
2024-05,Amy B,2.1937333333333333
2024-05,Junky,2.1781333333333333
2024-05,George Rose,2.059616666666667
2024-05,Video Game Players,1.9131666666666667
2024-05,Yoko Shimomura,1.8920333333333332
2024-05,The Ataris,1.8593333333333333
2024-05,Patti Cohenour,1.8502333333333334
2024-05,Maroon 5,1.8388
2024-05,Jana Schneider,1.8282166666666666
2024-05,Grey Henson,1.8096
2024-05,Joe Grifasi,1.76175
2024-05,Rihanna,1.65605
2024-05,8-Bit Arcade,1.5686666666666667
2024-05,リコ(CV:鈴木みのり),1.52355
2024-05,yama,1.4251666666666667
2024-05,高橋あず美,1.3460833333333333
2024-05,朝比奈みくる (CV.後藤邑子),1.3250666666666668
2024-05,Victorious Cast,1.2696833333333335
2024-05,Braxton Burks,1.2398666666666667
2024-05,9Lana,1.1587
2024-05,Doja Cat,1.1189333333333333
2024-05,Mandy Moore,1.1079666666666668
2024-05,"Tyler, The Creator",1.1025
2024-05,Michelle Pfeiffer,1.098
2024-05,Neon Trees,1.0803
2024-05,Music Legends,1.0658666666666667
2024-05,Kerry Butler,1.0055
2024-05,Eiko Shimamiya,0.9300333333333334
2024-05,Ginger Fox,0.9176666666666666
2024-05,Leonard Bernstein,0.9066666666666666
2024-05,Wham!,0.8677333333333334
2024-05,Harry Styles,0.8256
2024-05,Jimmy Eat World,0.7073
2024-05,Gwen Stefani,0.6918333333333333
2024-05,Jessie J,0.65625
2024-05,Pokestir,0.61725
2024-05,Nanaru,0.58475
2024-05,Hot Freaks,0.56835
2024-05,Owata-P,0.5425333333333333
2024-05,Adventure Time,0.5212
2024-05,Calvin Harris,0.49765
2024-05,Demi Lovato,0.46353333333333335
2024-05,Dios/signalP,0.4447833333333333
2024-05,Reol,0.4064
2024-05,Sarah Schachner,0.4063333333333333
2024-05,Bikini Kill,0.3582
2024-05,The Weeknd,0.32458333333333333
2024-05,Dua Lipa,0.31153333333333333
2024-05,Jeremy Zuckerman,0.31145
2024-05,Sir Chloe,0.28318333333333334
2024-05,斉条史朗,0.2814833333333333
2024-05,DECO*27,0.27945
2024-05,Yael Naim,0.27875
2024-05,Shaboozey,0.2764666666666667
2024-05,kobasolo,0.26558333333333334
2024-05,Carl Douglas,0.2583666666666667
2024-05,Lesley Gore,0.24568333333333334
2024-05,aki <3,0.24176666666666666
2024-05,Rag'n'Bone Man,0.23218333333333332
2024-05,Joe Hisaishi,0.22968333333333332
2024-05,Britney Spears,0.22366666666666668
2024-05,zts,0.22235
2024-05,KuroUsa,0.2179333333333333
2024-05,IVE,0.20781666666666668
2024-05,fun.,0.2076
2024-05,Roar,0.20681666666666668
2024-05,Daryl Hall & John Oates,0.18689999999999998
2024-05,Daft Punk,0.18045
2024-05,Yusuke,0.16318333333333335
2024-05,西川くんとキリショー,0.16213333333333332
2024-05,Michael Jackson,0.16095
2024-05,Mitchie M,0.15893333333333332
2024-05,Imagine Dragons,0.15801666666666667
2024-05,Beyoncé,0.15595
2024-05,Rupert Holmes,0.15341666666666667
2024-05,Miley Cyrus,0.15293333333333334
2024-05,Toa,0.14933333333333335
2024-05,Miku and Friends,0.14256666666666667
2024-05,Tomohisa Sako,0.1383
2024-05,cosMo@Bousou-P,0.13795
2024-05,Paramore,0.13776666666666668
2024-05,Evanescence,0.1357
2024-05,Chippy Bits,0.13545
2024-05,hachi,0.13508333333333333
2024-05,Neru,0.1287
2024-05,Breaking Benjamin,0.1269
2024-05,Shakira,0.12481666666666667
2024-05,YM,0.11803333333333334
2024-05,Shoko Nakagawa,0.11801666666666667
2024-05,Coyote Theory,0.11651666666666667
2024-05,Vundabar,0.11456666666666666
2024-05,dj-Jo,0.11455
2024-05,Modjo,0.11451666666666667
2024-05,Amy Winehouse,0.11336666666666667
2024-05,Aya Hirano,0.11296666666666666
2024-05,Taylor Swift,0.11234999999999999
2024-05,Travis Scott,0.11141666666666666
2024-05,Arctic Monkeys,0.11026666666666667
2024-05,Dusty Springfield,0.10985
2024-05,Tiësto,0.10771666666666667
2024-05,Kavinsky,0.10138333333333334
2024-05,Umegaki Runa,0.09821666666666666
2024-05,EasyPop,0.09528333333333333
2024-05,Pitbull,0.09518333333333333
2024-05,Crystal Castles,0.09426666666666667
2024-05,Colter Wall,0.09288333333333333
2024-05,Bryson Tiller,0.0928
2024-05,Bruno Mars,0.09176666666666666
2024-05,My Chemical Romance,0.09166666666666667
2024-05,Fugees,0.09013333333333333
2024-05,Scatman John,0.08825
2024-05,Haddaway,0.08798333333333333
2024-05,Nate Smith,0.08783333333333333
2024-05,ONE OK ROCK,0.08756666666666667
2024-05,Shiro SAGISU,0.08676666666666667
2024-05,Original Cast of Billy Elliot,0.0864
2024-05,Kesha,0.08461666666666666
2024-05,Whitney Houston,0.08396666666666666
2024-05,Mother Mother,0.08006666666666666
2024-05,MIKA,0.07911666666666667
2024-05,Black Eyed Peas,0.07876666666666667
2024-05,Vampire Weekend,0.07861666666666667
2024-05,来兎,0.07855
2024-05,Plain White T's,0.07573333333333333
2024-05,HzEdge(crystal P),0.07466666666666667
2024-05,Tinashe,0.07413333333333333
2024-05,Dove Cameron,0.07408333333333333
2024-05,川村ゆみ,0.0736
2024-05,Yuuyu,0.07286666666666666
2024-05,Eminem,0.07276666666666666
2024-05,Kool & The Gang,0.07201666666666667
2024-05,Okazaki Taiiku,0.07003333333333334
2024-05,Falk Au Yeong,0.06968333333333333
2024-05,40mP,0.06861666666666667
2024-05,Foster The People,0.06826666666666667
2024-05,Lady A,0.06771666666666666
2024-05,からあげ姉妹,0.06648333333333334
2024-05,The Ink Spots,0.0639
2024-05,小宮知子,0.06328333333333333
2024-05,Steely Dan,0.06113333333333333
2024-05,Mikito P,0.0608
2024-05,Laufey,0.060533333333333335
2024-05,Toraboruta,0.06043333333333333
2024-05,Supergrass,0.05855
2024-05,cupcakKe,0.05843333333333333
2024-05,System Of A Down,0.0583
2024-05,Broken Iris,0.0559
2024-05,Charlie Puth,0.05581666666666667
2024-05,Last Note.,0.05296666666666667
2024-05,Makir,0.052616666666666666
2024-05,Queen,0.050133333333333335
2024-05,Betty Buckley,0.04565
2024-05,noripy,0.0455
2024-05,Estelle,0.0448
2024-05,Storyteller (GAiA x cosMo@Bousou P),0.0448
2024-05,Aqua,0.04443333333333333
2024-05,The Offspring,0.04371666666666667
2024-05,Luck Ganriki,0.0416
2024-05,Tommy Richman,0.04016666666666667
2024-05,ヤスオ,0.04016666666666667
2024-05,Hachioji P,0.03875
2024-05,ЯeaL,0.03838333333333333
2024-05,Keane,0.038033333333333336
2024-05,Shiritsu Ebisu Chugaku,0.037333333333333336
2024-05,project G.E. サウンドチーム,0.037333333333333336
2024-05,OSTER project,0.036616666666666665
2024-05,Conan Gray,0.03626666666666667
2024-05,Katy Perry,0.034833333333333334
2024-05,alt-J,0.03448333333333333
2024-05,Og Swaggerdick,0.03395
2024-05,Olly Murs,0.033666666666666664
2024-05,Lizzo,0.03305
2024-05,Tom Tom Club,0.03211666666666667
2024-05,Bakermat,0.030566666666666666
2024-05,平田志穂子,0.030216666666666666
2024-05,Daniel Caesar,0.030133333333333335
2024-05,Blue Öyster Cult,0.02985
2024-05,Israel Kamakawiwo'ole,0.02985
2024-05,Nick Cave & The Bad Seeds,0.029766666666666667
2024-05,Sex Bob-Omb,0.029416666666666667
2024-05,KISS,0.029166666666666667
2024-05,Arcade Player,0.02825
2024-05,Nirvana,0.027549999999999998
2024-05,Gen Hoshino,0.027466666666666667
2024-05,Olivia Rodrigo,0.027366666666666668
2024-05,Eve,0.027083333333333334
2024-05,Lord Huron,0.027016666666666668
2024-05,PolyphonicBranch,0.027016666666666668
2024-05,tokuP,0.027016666666666668
2024-05,Kali Uchis,0.026033333333333332
2024-05,Boney M.,0.025916666666666668
2024-05,The Beatles,0.0256
2024-05,Red Hot Chili Peppers,0.02515
2024-05,Alok,0.024883333333333334
2024-05,The Score,0.024883333333333334
2024-05,Justin Bieber,0.024766666666666666
2024-05,a-ha,0.024766666666666666
2024-05,E.L.V.N,0.024516666666666666
2024-05,Dolly Parton,0.023983333333333332
2024-05,BICEP,0.023616666666666668
2024-05,Frankie Cosmos,0.0236
2024-05,Gnarls Barkley,0.0236
2024-05,Marvin Gaye,0.0236
2024-05,The Police,0.0236
2024-05,Weezer,0.0236
2024-05,George Ezra,0.023183333333333334
2024-05,"Earth, Wind & Fire",0.0231
2024-05,John Legend,0.0231
2024-05,Macklemore,0.02275
2024-05,Ween,0.02275
2024-05,Andra Day,0.022433333333333333
2024-05,Natasha Bedingfield,0.022433333333333333
2024-05,Prince,0.022433333333333333
2024-05,The Mamas & The Papas,0.0224
2024-05,Kendrick Lamar,0.022383333333333335
2024-05,Ramones,0.022216666666666666
2024-05,Chouchou-P,0.022033333333333332
2024-05,Men At Work,0.021666666666666667
2024-05,George Michael,0.021283333333333335
2024-05,Blue Swede,0.020966666666666668
2024-05,Guns N' Roses,0.020966666666666668
2024-05,Dasha,0.0205
2024-05,Green Day,0.020316666666666667
2024-05,Basement Jaxx,0.020266666666666665
2024-05,Justin Timberlake,0.020116666666666668
2024-05,The Cardigans,0.020116666666666668
2024-05,Capital Cities,0.0199
2024-05,MARINA,0.0199
2024-05,Paloma Faith,0.0199
2024-05,Little Mix,0.0192
2024-05,Jim Croce,0.019183333333333333
2024-05,Avril Lavigne,0.018833333333333334
2024-05,"The Army, The Navy",0.018566666666666665
2024-05,Tom Jones,0.018566666666666665
2024-05,TV Girl,0.018483333333333334
2024-05,Deee-Lite,0.018133333333333335
2024-05,boygenius,0.0178
2024-05,Chris Brown,0.017766666666666667
2024-05,t.A.T.u.,0.017416666666666667
2024-05,Matt Maltese,0.0174
2024-05,Bee Gees,0.016633333333333333
2024-05,WEISS,0.016633333333333333
2024-05,Nickelback,0.016316666666666667
2024-05,4 Non Blondes,0.016
2024-05,Bring Me The Horizon,0.016
2024-05,Buffalo Springfield,0.015633333333333332
2024-05,They Might Be Giants,0.015466666666666667
2024-05,Noah Kahan,0.015283333333333333
2024-05,Benson Boone,0.015083333333333334
2024-05,DNCE,0.014566666666666667
2024-05,Metallica,0.014566666666666667
2024-05,Kaden MacKay,0.014216666666666667
2024-05,Elton John,0.01385
2024-05,FINNEAS,0.01385
2024-05,Incubus,0.01385
2024-05,Ray Charles,0.01315
2024-05,Coldplay,0.0128
2024-05,Måneskin,0.012766666666666667
2024-05,Blonde Redhead,0.012433333333333333
2024-05,Jack Johnson,0.012433333333333333
2024-05,Jack Stauber's Micropop,0.012433333333333333
2024-05,The Rolling Stones,0.012433333333333333
2024-05,Natalie Cole,0.012216666666666667
2024-05,Heart,0.011983333333333334
2024-05,Kansas,0.011983333333333334
2024-05,Radical Face,0.011716666666666667
2024-05,Aerosmith,0.011366666666666667
2024-05,Amy Macdonald,0.011366666666666667
2024-05,Selena Gomez,0.011366666666666667
2024-05,Twenty One Pilots,0.011366666666666667
2024-05,Josh Turner,0.011216666666666666
2024-05,Frank Sinatra,0.011016666666666666
2024-05,The White Stripes,0.011016666666666666
2024-05,Glass Animals,0.010816666666666667
2024-05,Frances Forever,0.0103
2024-05,The Irrepressibles,0.00995
2024-05,Lamp,0.0096
2024-05,Naughty Boy,0.009233333333333333
2024-05,Cage The Elephant,0.008883333333333333
2024-05,Nitty Gritty Dirt Band,0.008116666666666666
2024-05,Halsey,0.007816666666666666
2024-05,bôa,0.007466666666666667
2024-05,Counting Crows,0.0074
2024-05,Tally Hall,0.0071
2024-05,The Clash,0.0071
2024-05,Gary Jules,0.0034
2024-05,Mason,0.003183333333333333
2024-06,Crazy Ex-Girlfriend Cast,78.22106666666667
2024-06,Taylor Swift,72.8873
2024-06,Glee Cast,39.649033333333335
2024-06,Katy Perry,38.16193333333333
2024-06,Dai,33.064366666666665
2024-06,RuPaul,30.3033
2024-06,Lady Gaga,26.865583333333333
2024-06,Britney Spears,24.049033333333334
2024-06,Nicki Minaj,23.259666666666664
2024-06,Christina Aguilera,19.131333333333334
2024-06,The Simpsons,18.912666666666667
2024-06,Beyoncé,18.589033333333333
2024-06,Demi Lovato,18.142466666666667
2024-06,Bob's Burgers,18.027116666666668
2024-06,Luck Ganriki,17.855133333333335
2024-06,Maroon 5,16.5847
2024-06,Meghan Trainor,16.580233333333332
2024-06,Rihanna,15.560283333333333
2024-06,Ariana Grande,15.014833333333334
2024-06,Annaleigh Ashford,14.805516666666668
2024-06,SIX,14.31675
2024-06,Kesha,13.997916666666667
2024-06,Dua Lipa,13.61345
2024-06,Ellie Goulding,13.162533333333332
2024-06,zts,12.659116666666666
2024-06,Madonna,11.8564
2024-06,Olivia Rodrigo,11.747933333333334
2024-06,アトラスサウンドチーム,11.718783333333334
2024-06,Eminem,11.23535
2024-06,Capcom Sound Team,11.106383333333333
2024-06,Bob the Drag Queen,11.10315
2024-06,Avril Lavigne,10.8403
2024-06,Billie Eilish,10.646516666666667
2024-06,The Cast of RuPaul's Drag Race,10.601866666666666
2024-06,Adam Lambert,10.488216666666666
2024-06,Christian Borle,10.02625
2024-06,Lil Nas X,9.983033333333333
2024-06,Shawn Mendes,9.913316666666667
2024-06,Doja Cat,9.791866666666667
2024-06,Gloria Gaynor,9.351049999999999
2024-06,Charli xcx,9.3047
2024-06,ST☆RISH,8.58305
2024-06,Aya Hirano,8.424666666666667
2024-06,Laura Bell Bundy,7.9326
2024-06,Céline Dion,7.614433333333333
2024-06,Ava Max,7.455583333333333
2024-06,Zac Efron,7.33
2024-06,The Chainsmokers,7.24055
2024-06,Destiny's Child,7.158266666666667
2024-06,Clean Bandit,7.05755
2024-06,Konata Izumi (CV: Aya Hirano),6.9028
2024-06,Flo Rida,6.832366666666666
2024-06,Troy,6.76285
2024-06,Selena Gomez,6.732633333333333
2024-06,Bonnie Tyler,6.719516666666667
2024-06,Lucian Piane,6.712483333333333
2024-06,P!nk,6.701016666666666
2024-06,Bruno Mars,6.619016666666667
2024-06,Pitbull,6.578916666666666
2024-06,Hot Chelle Rae,6.477766666666667
2024-06,Camila Cabello,6.3274333333333335
2024-06,The Pussycat Dolls,6.238316666666666
2024-06,Mac Miller,6.154816666666667
2024-06,Sabrina Carpenter,6.0588999999999995
2024-06,"The Cast of Canada’s Drag Race, Season 1",6.00935
2024-06,Stephen Schwartz,5.898666666666666
2024-06,The B-52's,5.709416666666667
2024-06,Nelly Furtado,5.698816666666667
2024-06,Reneé Rapp,5.668183333333333
2024-06,Whitney Houston,5.633583333333333
2024-06,リコ(CV:鈴木みのり),5.346
2024-06,Miley Cyrus,5.169666666666667
2024-06,神前 暁,5.147966666666667
2024-06,Mark Ronson,5.022683333333333
2024-06,After the Rain,4.989866666666667
2024-06,CircusP,4.943333333333333
2024-06,Brandy,4.9131
2024-06,USHER,4.8680666666666665
2024-06,Mike Posner,4.814966666666667
2024-06,RAYE,4.79105
2024-06,Jennifer Lopez,4.747766666666666
2024-06,Eiko Shimamiya,4.734266666666667
2024-06,Megan Thee Stallion,4.4369499999999995
2024-06,Troye Sivan,4.393366666666667
2024-06,'Legally Blonde' Ensemble,4.376733333333333
2024-06,Manuel,4.350666666666666
2024-06,Sara Bareilles,4.350516666666667
2024-06,Faylan,4.3265
2024-06,Metric,4.129833333333333
2024-06,Selena Gomez & The Scene,4.06555
2024-06,DEQUAR,4.062483333333333
2024-06,Martina McBride,4.052666666666667
2024-06,Joe Jonas,4.0311
2024-06,TK from Ling tosite sigure,4.028766666666667
2024-06,Lizzo,4.022133333333334
2024-06,Bebe Neuwirth,3.9831
2024-06,Glass Animals,3.9800833333333334
2024-06,Justin Timberlake,3.9591
2024-06,Luis Fonsi,3.9532166666666666
2024-06,Ice Spice,3.9257999999999997
2024-06,ur pretty,3.91755
2024-06,後藤邑子,3.917333333333333
2024-06,Hannah Montana,3.9149833333333333
2024-06,Rachel Bloom,3.9086666666666665
2024-06,Avicii,3.8799333333333332
2024-06,Original Cast of Firebringer,3.8749333333333333
2024-06,Original Broadway Cast of Hamilton,3.8623166666666666
2024-06,Hozier,3.8373
2024-06,Scissor Sisters,3.8360833333333333
2024-06,Crystal Waters,3.824883333333333
2024-06,Owl City,3.8185333333333333
2024-06,Vanessa Carlton,3.8112
2024-06,T.M.Revolution,3.7968333333333333
2024-06,Phillipa Soo,3.7488166666666665
2024-06,LMFAO,3.73485
2024-06,Mario Vazquez,3.7268833333333333
2024-06,Adele,3.7211
2024-06,Anamanaguchi,3.7187333333333332
2024-06,Jessie J,3.71155
2024-06,Nick Jonas,3.7031
2024-06,Fifth Harmony,3.654216666666667
2024-06,The Lonely Island,3.64775
2024-06,BTS,3.6180499999999998
2024-06,INTI CREATES,3.6029500000000003
2024-06,Ado,3.5944166666666666
2024-06,TLC,3.5733333333333333
2024-06,Christopher Tyng,3.5593666666666666
2024-06,Superfruit,3.52485
2024-06,Gym Class Heroes,3.516
2024-06,Jeremy Jordan,3.5122
2024-06,DJ Khaled,3.510483333333333
2024-06,LamazeP,3.492633333333333
2024-06,"The Cast of RuPaul's Drag Race, Season 12",3.4570666666666665
2024-06,Amber Efe,3.4504333333333332
2024-06,Hoku,3.4444333333333335
2024-06,Backstreet Boys,3.42805
2024-06,Hailey Kilgore,3.417333333333333
2024-06,Taio Cruz,3.3977666666666666
2024-06,One Direction,3.3874500000000003
2024-06,Wilson Phillips,3.3714833333333334
2024-06,Elle King,3.36955
2024-06,Alaska Thunderfuck,3.3595166666666665
2024-06,The Barden Bellas,3.3583
2024-06,Kelly Clarkson,3.3425833333333332
2024-06,CHAD,3.338616666666667
2024-06,Gwen Stefani,3.3308833333333334
2024-06,The Weather Girls,3.3245666666666667
2024-06,The Wanted,3.2989166666666665
2024-06,Little Mix,3.2981833333333332
2024-06,Lagoona Bloo,3.2961666666666667
2024-06,Orfeh,3.293633333333333
2024-06,Will Smith,3.28145
2024-06,Rixton,3.2288833333333335
2024-06,"The Cast of RuPaul's Drag Race, Season 13",3.1944333333333335
2024-06,Soft Cell,3.1734666666666667
2024-06,*NSYNC,3.15855
2024-06,Panic! At The Disco,3.1416
2024-06,Gracie Abrams,3.0505500000000003
2024-06,Anthony Lo Re,3.0332333333333334
2024-06,Martin Hayes Quartet,3.03285
2024-06,Ari Afsar,3.0301666666666667
2024-06,Jonas Brothers,3.0171
2024-06,Tyla,3.0098
2024-06,Harry Styles,3.0088
2024-06,B.o.B,3.008
2024-06,Post Malone,2.970083333333333
2024-06,Värttinä,2.9522166666666667
2024-06,Major Lazer,2.9426833333333335
2024-06,Remi Wolf,2.8345166666666666
2024-06,DECO*27,2.829833333333333
2024-06,KokiRemix,2.7948
2024-06,Junky,2.7654833333333335
2024-06,Kim Petras,2.7347
2024-06,Lotus Juice,2.73
2024-06,Sam Smith,2.6783
2024-06,Hugh Jackman,2.6629666666666667
2024-06,亜咲花,2.63685
2024-06,Will Stetson,2.6304833333333333
2024-06,Zedd,2.6222000000000003
2024-06,Black Gryph0n,2.61765
2024-06,Jasmine Cephas-Jones,2.5968
2024-06,Bella Thorne,2.57955
2024-06,Victorious Cast,2.566666666666667
2024-06,Saweetie,2.489716666666667
2024-06,Keala Settle,2.461333333333333
2024-06,David Guetta,2.4400166666666667
2024-06,Peter McPoland,2.3848833333333332
2024-06,Halsey,2.38475
2024-06,Christopher Jackson,2.3773166666666667
2024-06,JbDubs,2.3689666666666667
2024-06,The Kid LAROI,2.3634166666666667
2024-06,Veeze,2.35415
2024-06,Mad Tsai,2.3484833333333333
2024-06,BigXthaPlug,2.3407
2024-06,Suzuki Masaki,2.2837166666666664
2024-06,小松未歩,2.282233333333333
2024-06,dai,2.2628666666666666
2024-06,PinkPantheress,2.2447
2024-06,Aretha Franklin,2.237616666666667
2024-06,Jazmine Sullivan,2.1358333333333333
2024-06,Trixie Mattel,2.1275833333333334
2024-06,Sexyy Red,2.097166666666667
2024-06,The Weeknd,2.0886
2024-06,Zwei,2.082133333333333
2024-06,Chappell Roan,2.0615
2024-06,The Marvelettes,2.0544333333333333
2024-06,Varian,2.0522666666666667
2024-06,NASAAN,2.0494833333333333
2024-06,Portugal. The Man,2.016583333333333
2024-06,Natasha Bedingfield,1.9246833333333333
2024-06,Naomi Scott,1.8757833333333334
2024-06,遠藤正明,1.8491499999999998
2024-06,Garfunkel and Oates,1.8448166666666668
2024-06,Leslie Odom Jr.,1.8324333333333334
2024-06,Lemon,1.8
2024-06,Onsa Media,1.7635333333333332
2024-06,China Anne McClain,1.7460833333333334
2024-06,Toby Fox,1.74495
2024-06,Cossbysweater,1.7438166666666666
2024-06,Radiohead,1.7372333333333334
2024-06,knotlamp,1.7261666666666666
2024-06,川村ゆみ,1.6428833333333333
2024-06,Hisao Noguchi,1.5334833333333333
2024-06,Mr Dooves,1.5239333333333334
2024-06,Joshua Morse,1.4844333333333333
2024-06,Priyanka,1.4823
2024-06,Rick James,1.4206666666666667
2024-06,Neil Cicierega Archive,1.3502333333333334
2024-06,Andrew Lloyd Webber,1.344
2024-06,Margaret Durante,1.30135
2024-06,pre-holder,1.2805166666666667
2024-06,Jason Derulo,1.2775
2024-06,Cass Elliot,1.24515
2024-06,Monét X Change,1.24465
2024-06,Piko,1.2266333333333335
2024-06,xaki,1.2165833333333333
2024-06,Lou,1.2155
2024-06,Robin,1.1474
2024-06,Twilight Sparkle,1.1242166666666666
2024-06,Within Temptation,1.12005
2024-06,高橋あず美,1.09015
2024-06,Paul Lekakis,1.07585
2024-06,My Chemical Romance,1.0727833333333334
2024-06,The Original Broadway Cast Of School Of Rock,0.992
2024-06,Noisestorm,0.9489166666666666
2024-06,Christine Lavin,0.9194666666666667
2024-06,YUI,0.9180333333333333
2024-06,Koji Kondo,0.9154
2024-06,Betty Booom,0.9005333333333333
2024-06,Spice Girls,0.8947333333333334
2024-06,Travie McCoy,0.8863
2024-06,The Chipettes,0.8785666666666667
2024-06,Icona Pop,0.8753666666666666
2024-06,Saint Torrente,0.8695833333333334
2024-06,Blue Franklin,0.8654166666666666
2024-06,justine sainte,0.8653
2024-06,Grateful Dead,0.8415333333333334
2024-06,PelleK,0.8306333333333333
2024-06,Kidz Bop Kids,0.81385
2024-06,SLACKCiRCUS,0.7941166666666667
2024-06,AurorA,0.7914
2024-06,Cobra Starship,0.78755
2024-06,Party Beats Nation,0.7863666666666667
2024-06,黒崎真音,0.7857500000000001
2024-06,Tommy heavenly6,0.7836333333333333
2024-06,Aly & AJ,0.7723666666666666
2024-06,Soulja Boy,0.7577333333333334
2024-06,Suzanne Vega,0.7564
2024-06,Ike & Tina Turner,0.7546333333333334
2024-06,The Rare Occasions,0.7423833333333333
2024-06,The Disney Afternoon Studio Chorus,0.7352833333333333
2024-06,Gloria Estefan,0.73335
2024-06,David Munster,0.7246166666666667
2024-06,Ben E. King,0.7078166666666666
2024-06,彩音,0.7036
2024-06,N.E.R.D,0.6828333333333333
2024-06,Wonderful★opportunity!,0.6741166666666667
2024-06,The Other Realm,0.6733666666666667
2024-06,Amanda Seyfried,0.67145
2024-06,Ashley Tisdale,0.6655666666666666
2024-06,Hachioji P,0.6503
2024-06,Linked Horizon,0.6396666666666666
2024-06,SCREEN mode,0.6311833333333333
2024-06,Mika Ogawa,0.6024666666666667
2024-06,Haruka Tomatsu,0.5843666666666667
2024-06,Tom Nethersole,0.58415
2024-06,Haley Reinhart,0.5767
2024-06,ZEE MACHINE,0.5735166666666667
2024-06,Reiko Nakanishi,0.57315
2024-06,Grant Brett,0.5619
2024-06,"The Cast of RuPaul's Drag Race All Stars, Season 6",0.55135
2024-06,Kevin Aviance,0.5473833333333333
2024-06,いとうかなこ,0.5397
2024-06,Justin Bieber,0.5367
2024-06,Luna Haruna,0.5127666666666667
2024-06,Elizabeth Mitchell,0.5006166666666667
2024-06,Cherie Lily,0.49943333333333334
2024-06,Shoko Nakagawa,0.49491666666666667
2024-06,Zendaya,0.4915
2024-06,Ciara,0.48496666666666666
2024-06,The Howard Family,0.48296666666666666
2024-06,Michael Bublé,0.4775333333333333
2024-06,ZAYN,0.47065
2024-06,Yousei Teikoku,0.46981666666666666
2024-06,"Morrigan, Dai & Yuduki",0.46718333333333334
2024-06,サトシ(CV:松本梨香),0.46540000000000004
2024-06,Zach Bryan,0.46231666666666665
2024-06,LiSA,0.4527333333333333
2024-06,ClariS,0.45258333333333334
2024-06,Goose house,0.4352
2024-06,DaizyStripper,0.43056666666666665
2024-06,Puffy AmiYumi,0.4264833333333333
2024-06,Orville Peck,0.4187166666666667
2024-06,Kalafina,0.4043833333333333
2024-06,Dan DeSimone,0.39358333333333334
2024-06,Cameron Diaz,0.3926
2024-06,Dominic Cooper,0.3808
2024-06,Patti Cohenour,0.37485
2024-06,Lucky Twice,0.3680333333333333
2024-06,The Buggles,0.36656666666666665
2024-06,Paramore,0.36493333333333333
2024-06,MTA,0.36028333333333334
2024-06,gigaP,0.34751666666666664
2024-06,5 Seconds of Summer,0.34685
2024-06,Daft Punk,0.34596666666666664
2024-06,99 Souls,0.34381666666666666
2024-06,nano.RIPE,0.34181666666666666
2024-06,Yumiko,0.3406
2024-06,Central Cee,0.3375
2024-06,"Earth, Wind & Fire",0.33581666666666665
2024-06,ASIAN KUNG-FU GENERATION,0.33545
2024-06,Olivia Newton-John,0.3285166666666667
2024-06,Ross Lynch,0.3274666666666667
2024-06,skaiwater,0.3235166666666667
2024-06,Yuuyu,0.3196333333333333
2024-06,Lomz,0.31153333333333333
2024-06,Chris Brown,0.30416666666666664
2024-06,Doechii,0.30261666666666664
2024-06,Charlie Puth,0.2956666666666667
2024-06,Mamoru Miyano,0.29368333333333335
2024-06,Vance Joy,0.2932166666666667
2024-06,Jeremy Zag,0.29096666666666665
2024-06,Dwandonly,0.29063333333333335
2024-06,Frou Frou,0.28715
2024-06,Hiroyuki Sawano,0.2844333333333333
2024-06,The Foundations,0.2793833333333333
2024-06,HiguUmiSound,0.2755166666666667
2024-06,小宮知子,0.2699666666666667
2024-06,Muray,0.2648666666666667
2024-06,Bentley Robles,0.25966666666666666
2024-06,Okazaki Taiiku,0.2595
2024-06,George Michael,0.2579666666666667
2024-06,YOASOBI,0.25748333333333334
2024-06,hitomi,0.2556333333333333
2024-06,vistlip,0.24355
2024-06,Crazy Frog,0.23566666666666666
2024-06,Dolly Parton,0.23413333333333333
2024-06,Cristina Vee,0.23373333333333332
2024-06,Wiz Khalifa,0.22251666666666667
2024-06,Dan Salvato,0.21941666666666668
2024-06,JT Music,0.21865
2024-06,Binoy,0.21748333333333333
2024-06,Konomi Suzuki,0.21718333333333334
2024-06,Bill Medley,0.21616666666666667
2024-06,Blur,0.21305
2024-06,Cher,0.20818333333333333
2024-06,Brendan Maclean,0.20665
2024-06,Lauv,0.2055
2024-06,光宗信吉,0.2055
2024-06,物語シリーズ,0.20443333333333333
2024-06,mousike,0.20431666666666667
2024-06,松澤由美,0.20271666666666668
2024-06,Kevin Jz Prodigy,0.19733333333333333
2024-06,Kyary Pamyu Pamyu,0.19696666666666668
2024-06,Daa San,0.19465
2024-06,Suzumu,0.19163333333333332
2024-06,femme fatale,0.19093333333333334
2024-06,Shihori,0.18808333333333332
2024-06,The Killers,0.1863
2024-06,SZA,0.18531666666666666
2024-06,OMI,0.18241666666666667
2024-06,Ian Abel,0.1811
2024-06,M.Zakky,0.17635
2024-06,Maddie Zahm,0.17563333333333334
2024-06,サウンドワークス,0.17423333333333332
2024-06,mothy,0.1720833333333333
2024-06,Hikaru Utada,0.17136666666666667
2024-06,FarmerJohn,0.1695
2024-06,Jonathan Groff,0.16746666666666668
2024-06,Phil Collins,0.1671
2024-06,LIZ,0.16533333333333333
2024-06,Culture Club,0.164
2024-06,Sheryl Nome starring May'n,0.16355
2024-06,梶浦 由記,0.16066666666666668
2024-06,Candace,0.15928333333333333
2024-06,KATYA,0.15856666666666666
2024-06,Flexstyle,0.15821666666666667
2024-06,Yugo Kanno,0.15788333333333332
2024-06,DONT MAKE THIS WEIRD,0.15633333333333332
2024-06,iroha(sasaki),0.15216666666666667
2024-06,Chiaki Ishikawa,0.15181666666666666
2024-06,L'Arc-en-Ciel,0.15108333333333335
2024-06,Jonny McGovern,0.15091666666666667
2024-06,supercell,0.15091666666666667
2024-06,Pokémon,0.15026666666666666
2024-06,The Treblemakers,0.14998333333333333
2024-06,KCB,0.14896666666666666
2024-06,Maisie Peters,0.1482
2024-06,hachi,0.14758333333333334
2024-06,Eir Aoi,0.14705000000000001
2024-06,Logan Potter,0.1455
2024-06,Yu-Gi-Oh!,0.14363333333333334
2024-06,Calvin Harris,0.14085
2024-06,BUMP OF CHICKEN,0.13835
2024-06,鶴三,0.1383
2024-06,Makoto Kawamoto,0.13723333333333335
2024-06,Tame Impala,0.13688333333333333
2024-06,SID,0.1358
2024-06,Kylie Minogue,0.13505
2024-06,Ulver,0.13403333333333334
2024-06,Eve,0.13271666666666665
2024-06,SQVARE,0.13235
2024-06,Stacy,0.13083333333333333
2024-06,QUEEN BEE,0.13001666666666667
2024-06,ACN Music.,0.12905
2024-06,nomico,0.1277
2024-06,涼宮ハルヒ (CV.平野 綾),0.12763333333333332
2024-06,サイキックラバー,0.12621666666666667
2024-06,Nightmare,0.12576666666666667
2024-06,kinoshita,0.12301666666666666
2024-06,ONE OK ROCK,0.12123333333333333
2024-06,Alex Newell,0.12111666666666666
2024-06,Lustra,0.12088333333333333
2024-06,Tonight We Fight,0.11803333333333334
2024-06,Tate McRae,0.11763333333333334
2024-06,Otaku Ongaku,0.11686666666666666
2024-06,Hommarju,0.11661666666666666
2024-06,Yoko Takahashi,0.11608333333333333
2024-06,FIELD OF VIEW,0.11376666666666667
2024-06,Mark de Groot,0.11341666666666667
2024-06,Sister Sledge,0.11338333333333334
2024-06,Tove Lo,0.11183333333333334
2024-06,Reba McEntire,0.11181666666666668
2024-06,Grey Henson,0.11178333333333333
2024-06,PornoGraffitti,0.11019999999999999
2024-06,Slash,0.10938333333333333
2024-06,everset,0.10773333333333333
2024-06,Yuko Koura,0.1056
2024-06,Kid P,0.10558333333333333
2024-06,Jupiter Productions,0.10558333333333332
2024-06,Mura Masa,0.10416666666666667
2024-06,Anna Bates,0.10341666666666667
2024-06,Miranda Cosgrove,0.09945
2024-06,Anly,0.09751666666666667
2024-06,Finatticz,0.09713333333333334
2024-06,Jake Giles,0.09673333333333334
2024-06,FLOW,0.09248333333333333
2024-06,PianoDeuss,0.09131666666666667
2024-06,Max Coveri,0.09066666666666667
2024-06,Pharrell Williams,0.09003333333333334
2024-06,Michael Jackson,0.08996666666666667
2024-06,High School Musical Cast,0.08978333333333334
2024-06,Carly Rae Jepsen,0.08976666666666668
2024-06,Jewel Maiden,0.08888333333333333
2024-06,Kanye West,0.08816666666666667
2024-06,Vantage,0.08783333333333333
2024-06,Anthony Sprunk,0.08706666666666667
2024-06,uchuu;,0.08533333333333333
2024-06,HALCALI,0.08355
2024-06,Peaches & Herb,0.08241666666666667
2024-06,David Ian Xtravaganza,0.08141666666666666
2024-06,Do As Infinity,0.0814
2024-06,Mami,0.0807
2024-06,Yui Makino,0.08035
2024-06,FoZZtone,0.07963333333333333
2024-06,Leah Kate,0.07816666666666666
2024-06,Renée Elise Goldsberry,0.07776666666666666
2024-06,Yoko Shimomura,0.07661666666666667
2024-06,Michael Marcagi,0.07643333333333334
2024-06,Jun Togawa,0.07608333333333334
2024-06,Riyu Kosaka,0.07608333333333334
2024-06,Original Cast of Billy Elliot,0.07536666666666667
2024-06,Smokey,0.07468333333333334
2024-06,Trey Songz,0.07395
2024-06,Juicy J,0.0711
2024-06,Samfree,0.07075
2024-06,ON/OFF,0.07038333333333334
2024-06,asteria,0.06975
2024-06,ブレンド・A,0.06926666666666667
2024-06,Brooksie,0.06896666666666666
2024-06,Edison Lighthouse,0.06866666666666667
2024-06,Ryan.Song,0.06848333333333333
2024-06,Unknown Number!!!,0.0681
2024-06,Tsubasa Mori,0.0679
2024-06,kemu,0.06718333333333333
2024-06,Hitomi Takahashi,0.06648333333333334
2024-06,ベットに根っこ生えてる系,0.06648333333333334
2024-06,Slayyyter,0.06611666666666667
2024-06,Cashmere Cat,0.06541666666666666
2024-06,Barrett Wilbert Weed,0.064
2024-06,Paris Hilton,0.064
2024-06,BURNOUT SYNDROMES,0.06385
2024-06,Jay Sean,0.06306666666666666
2024-06,Nirgilis,0.06293333333333333
2024-06,Cardi B,0.06221666666666667
2024-06,Miho Fukuhara,0.06115
2024-06,Polyphia,0.06115
2024-06,紗倉ひびき(CV:ファイルーズあい),0.05998333333333333
2024-06,Daoko,0.059583333333333335
2024-06,Ocean Kelly,0.059366666666666665
2024-06,Endigo,0.05881666666666667
2024-06,Shania Twain,0.05765
2024-06,3年E組うた担(渚&茅野&業&磯貝&前原),0.05726666666666667
2024-06,Squishy Donald,0.056883333333333334
2024-06,JAY-Z,0.055466666666666664
2024-06,Jewel,0.0551
2024-06,Alex Brightman,0.054033333333333336
2024-06,The Crane Wives,0.0534
2024-06,Silver Forest,0.05296666666666667
2024-06,The Living Tombstone,0.05296666666666667
2024-06,Christine Baranski,0.05118333333333333
2024-06,MONOBRIGHT,0.05118333333333333
2024-06,Isabella Lovestory,0.04976666666666667
2024-06,AmaLee,0.04953333333333333
2024-06,Every Little Thing,0.04763333333333333
2024-06,Waka Flocka Flame,0.04763333333333333
2024-06,Busta Rhymes,0.04753333333333333
2024-06,GLAY,0.04605
2024-06,Shayne Orok,0.04605
2024-06,WALK THE MOON,0.04605
2024-06,Stereopony,0.0455
2024-06,HEARTS GROW,0.04515
2024-06,CHERRYBLOSSOM,0.044083333333333335
2024-06,cinema staff,0.043333333333333335
2024-06,Elohim,0.04158333333333333
2024-06,Shakira,0.0414
2024-06,Huey Lewis & The News,0.04123333333333333
2024-06,MKTO,0.040883333333333334
2024-06,Smash Mouth,0.040233333333333336
2024-06,amazarashi,0.03985
2024-06,ЯeaL,0.03981666666666667
2024-06,Mother Mother,0.0391
2024-06,Karmin,0.03908333333333333
2024-06,Charlie Xile,0.03875
2024-06,Toy-Box,0.03875
2024-06,Company,0.03868333333333333
2024-06,MKSM,0.03868333333333333
2024-06,Zara Larsson,0.03868333333333333
2024-06,Sachiko Kobayashi,0.0384
2024-06,THE ORAL CIGARETTES,0.03838333333333333
2024-06,Mandy Moore,0.038033333333333336
2024-06,ポケモン音楽クラブ,0.03768333333333333
2024-06,Ludacris,0.037533333333333335
2024-06,KANA-BOON,0.03696666666666667
2024-06,natori,0.03675
2024-06,Dai & Yuduki,0.036616666666666665
2024-06,Joel Corry,0.036616666666666665
2024-06,Moisés Nieto,0.03518333333333333
2024-06,Jamie Fine,0.03505
2024-06,Coldplay,0.03481666666666667
2024-06,Macklemore,0.03481666666666667
2024-06,JUNE,0.03448333333333333
2024-06,Future,0.03306666666666667
2024-06,Becky G,0.032883333333333334
2024-06,2Pac,0.0325
2024-06,Anika Noni Rose,0.03235
2024-06,Ryoga,0.03211666666666667
2024-06,Timbaland,0.031733333333333336
2024-06,Mk.gee,0.03133333333333333
2024-06,Fitz and The Tantrums,0.030566666666666666
2024-06,Linkin Park,0.030566666666666666
2024-06,DJ Splash,0.030183333333333333
2024-06,Tokyo Anniversary,0.030183333333333333
2024-06,Kenshi Yonezu,0.0294
2024-06,TWICE,0.0288
2024-06,Journey,0.028783333333333334
2024-06,D'Mixmasters,0.028433333333333335
2024-06,Geek Music,0.02825
2024-06,GOING UNDER GROUND,0.02808333333333333
2024-06,Jessica Keenan Wynn,0.027733333333333332
2024-06,浅野孝已,0.027716666666666667
2024-06,Macklemore & Ryan Lewis,0.027466666666666667
2024-06,Coi Leray,0.027083333333333334
2024-06,Rick Astley,0.027083333333333334
2024-06,Kanan,0.027016666666666668
2024-06,i☆Ris,0.0267
2024-06,Fandroid!,0.02666666666666667
2024-06,YeLLOW Generation,0.0263
2024-06,MAXIMUM THE HORMONE,0.02595
2024-06,Megami33,0.025916666666666668
2024-06,Commodores,0.02515
2024-06,Jeff Lewis,0.024883333333333334
2024-06,Muse,0.024883333333333334
2024-06,Susan Egan,0.024883333333333334
2024-06,Fergie,0.024766666666666666
2024-06,SUPER★DRAGON,0.024766666666666666
2024-06,MAISONdes,0.024516666666666666
2024-06,Kimeru,0.024166666666666666
2024-06,Leslie Kritzer,0.024116666666666668
2024-06,Kate Bollinger,0.023983333333333332
2024-06,Random Encounters,0.023816666666666667
2024-06,Nelly,0.0236
2024-06,Steven Universe,0.023466666666666667
2024-06,Amy B,0.023216666666666667
2024-06,Todrick Hall,0.023216666666666667
2024-06,Aya,0.0231
2024-06,DOES,0.0231
2024-06,Cascada,0.022433333333333333
2024-06,Kehlani,0.022433333333333333
2024-06,Kero Kero Bonito,0.022433333333333333
2024-06,Robyn,0.022033333333333332
2024-06,Ryan McCartan,0.022033333333333332
2024-06,ABBA,0.021683333333333332
2024-06,Lyn,0.02135
2024-06,Asa,0.021333333333333333
2024-06,Meredith Brooks,0.020966666666666668
2024-06,The Marías,0.020883333333333334
2024-06,Dominic Fike,0.020616666666666665
2024-06,Electric Light Orchestra,0.0205
2024-06,Idina Menzel,0.0205
2024-06,Mystery Skulls,0.0205
2024-06,Nana Kitade,0.020266666666666665
2024-06,喜緑江美里 (CV.白鳥由里),0.020266666666666665
2024-06,Alessia Cara,0.020116666666666668
2024-06,Ed Sheeran,0.019733333333333332
2024-06,Nobuo Uematsu,0.01895
2024-06,BUCK-TICK,0.018833333333333334
2024-06,Kendrick Lamar,0.018833333333333334
2024-06,Christina Perri,0.018566666666666665
2024-06,Lizzy McAlpine,0.018183333333333333
2024-06,Sean Kingston,0.018183333333333333
2024-06,Lin-Manuel Miranda,0.017766666666666667
2024-06,THE YELLOW MONKEY,0.017766666666666667
2024-06,Don Omar,0.017533333333333335
2024-06,Maaya Sakamoto,0.017416666666666667
2024-06,Alan Walker,0.0174
2024-06,Clairo,0.0174
2024-06,Hello Sleepwalkers,0.0174
2024-06,chotokkyu,0.0174
2024-06,Nanase Aikawa,0.0167
2024-06,Sakurakou K-ON Bu,0.01635
2024-06,Toshiko Ezaki,0.01635
2024-06,Walk off the Earth,0.01635
2024-06,Camellia,0.01625
2024-06,Alx Luke,0.015866666666666668
2024-06,Bee Gees,0.015283333333333333
2024-06,Ikimonogakari,0.015283333333333333
2024-06,MYTH & ROID,0.015083333333333334
2024-06,Mikito P,0.0147
2024-06,4*TOWN (From Disney and Pixar’s Turning Red),0.01385
2024-06,Sarah Jeffery,0.01385
2024-06,Claire Rosinkranz,0.0135
2024-06,yama,0.013483333333333333
2024-06,Monster High,0.01315
2024-06,Carpenters,0.011016666666666666
2024-06,Drake,0.011016666666666666
2024-06,Taron Egerton,0.011016666666666666
2024-06,Jack Powers,0.01005
2024-06,Fall Out Boy,0.009283333333333333
2024-06,Gunna,0.008883333333333333
2024-06,Friedrich Habetler,0.008116666666666666
2024-06,Hironobu Kageyama,0.005333333333333333
2024-06,Hudson Mohawke,0.005333333333333333
2024-06,Anna Tsuchiya,0.004966666666666667
2024-06,Erik Lenfair,0.00425
2024-06,The Champs,0.0034666666666666665
2024-06,Aqua Timez,0.00105
2024-06,Hiromi Iwasaki,0.0
2024-06,MIKA,0.0
2024-06,Maya Hawke,0.0
2024-07,Eminem,63.37996666666667
2024-07,Josh Groban,35.06821666666667
2024-07,Taylor Swift,24.691266666666667
2024-07,Charli xcx,20.643816666666666
2024-07,Adam Lambert,12.059416666666667
2024-07,RuPaul,10.206783333333334
2024-07,Annaleigh Ashford,9.667983333333334
2024-07,Original Cast of Billy Elliot,9.34295
2024-07,Nicki Minaj,8.5847
2024-07,Lady Gaga,8.565916666666666
2024-07,Pitbull,7.4966333333333335
2024-07,David Guetta,7.450033333333334
2024-07,Josh Warshawsky,7.15
2024-07,Glee Cast,6.961016666666667
2024-07,Dai,6.9237166666666665
2024-07,Dev Limes,6.824916666666667
2024-07,Megan Thee Stallion,6.8194333333333335
2024-07,Crazy Ex-Girlfriend Cast,6.465450000000001
2024-07,Electric Light Orchestra,5.931466666666667
2024-07,Noise Eternity,5.8755
2024-07,MARINA,5.67075
2024-07,The Simpsons,5.605016666666667
2024-07,高橋あず美,4.89155
2024-07,Meghan Trainor,4.5896333333333335
2024-07,Demi Lovato,4.508583333333333
2024-07,Shakey Graves,4.456033333333333
2024-07,Sleepy Parents,4.45
2024-07,Christina Aguilera,4.3895
2024-07,Zwei,4.388416666666667
2024-07,Fleetwood Mac,4.3267
2024-07,Madonna,4.315383333333333
2024-07,Lemon,4.26055
2024-07,Peter Bjorn and John,4.199333333333334
2024-07,Luck Ganriki,4.196750000000001
2024-07,pre-holder,4.1741
2024-07,Sleep Miracle,4.133333333333334
2024-07,Coolio,4.01155
2024-07,Flume,3.863933333333333
2024-07,Willam,3.752666666666667
2024-07,The Tone-Gens,3.7333333333333334
2024-07,Sweet Sol,3.7
2024-07,The Frequency Shifters,3.65
2024-07,Everywhere Brown Noise,3.6333333333333333
2024-07,ULXI,3.6333333333333333
2024-07,Hum Humming,3.61655
2024-07,will.i.am,3.61285
2024-07,A Dreaming Machine,3.566666666666667
2024-07,Kimiko Glenn,3.5494666666666665
2024-07,Chappell Roan,3.5217333333333336
2024-07,Teddy Swims,3.5079333333333333
2024-07,Black Eyed Peas,3.5058333333333334
2024-07,Britney Spears,3.470266666666667
2024-07,Melita Doostan & Octopretzel,3.4455666666666667
2024-07,Paris Hilton,3.426066666666667
2024-07,Bon Iver,3.4252
2024-07,Sabrina Carpenter,3.4058333333333333
2024-07,Rhett Rhapsody,3.3568
2024-07,Amelia Day,3.3352166666666667
2024-07,Cardi B,3.3287666666666667
2024-07,Deepnoum,3.316666666666667
2024-07,Jenna Davis,3.28315
2024-07,Eurythmics,3.2693333333333334
2024-07,Jonas Brothers,3.2542666666666666
2024-07,Gaten Matarazzo,3.2403166666666663
2024-07,LMFAO,3.200266666666667
2024-07,BBVB,3.2
2024-07,Tate McRae,3.1961666666666666
2024-07,Tyla,3.19555
2024-07,Brainbox,3.1333333333333333
2024-07,SCANDAL,3.11475
2024-07,Dreams Made,3.07585
2024-07,Billy Joel,3.0615833333333335
2024-07,遠藤正明,3.0338333333333334
2024-07,Paris Paloma,3.0261666666666667
2024-07,Katy Perry,3.0169
2024-07,Relaxed Skies,3.0
2024-07,Caravan Palace,2.998866666666667
2024-07,Jane Color,2.9833333333333334
2024-07,Annie Murphy,2.9789333333333334
2024-07,神前 暁,2.9743833333333334
2024-07,Audioable Noise,2.966666666666667
2024-07,Fabricants,2.959766666666667
2024-07,Rihanna,2.944
2024-07,Grace Phipps,2.9251666666666667
2024-07,Fitz and The Tantrums,2.917666666666667
2024-07,Ariana Grande,2.9166833333333333
2024-07,Elevated Noise,2.9
2024-07,Victorious Cast,2.8928833333333333
2024-07,Selena Gomez & The Scene,2.88715
2024-07,Ava Max,2.8321833333333335
2024-07,Nicky Youre,2.825483333333333
2024-07,YOASOBI,2.8167166666666668
2024-07,Paul Russell,2.8
2024-07,NewJeans,2.794583333333333
2024-07,Shir,2.7531
2024-07,The Cast of RuPaul’s Drag Race All Stars,2.750783333333333
2024-07,Bits & Noise,2.7484333333333333
2024-07,Ashley Kutcher,2.720816666666667
2024-07,WNX,2.7026166666666667
2024-07,Melita and Isaac,2.6994833333333332
2024-07,Auplaudios,2.6807333333333334
2024-07,Capcom Sound Team,2.6539166666666665
2024-07,Nefesh Mountain,2.6513
2024-07,Julia Sono,2.65
2024-07,Crafting Audio,2.6
2024-07,Natalie Jane,2.58425
2024-07,Wuki,2.5625
2024-07,Bingo Players,2.531
2024-07,Sam Smith,2.4822
2024-07,PEGGY,2.4633
2024-07,Dua Lipa,2.4497666666666666
2024-07,Michael Pole,2.42725
2024-07,Bob's Burgers,2.4070833333333335
2024-07,Serena Smith,2.39215
2024-07,Olivia Rodrigo,2.3824666666666667
2024-07,Science Noise,2.3653333333333335
2024-07,Naturelle,2.35
2024-07,Pro Sounds of Nature,2.3281833333333335
2024-07,Euaxations,2.282
2024-07,アトラスサウンドチーム,2.2612666666666668
2024-07,Lazer Kitten,2.24615
2024-07,Julia Michaels,2.2447333333333335
2024-07,LISA,2.233816666666667
2024-07,SixSaidIt,2.2
2024-07,Luke Markinson,2.1860833333333334
2024-07,Presti,2.184816666666667
2024-07,Simgm,2.1666
2024-07,Grey Sample Library,2.15
2024-07,Ice,2.13815
2024-07,Anna Kendrick,2.0898333333333334
2024-07,"Crosby, Stills & Nash",2.0893166666666665
2024-07,Jesse Welles,2.0825666666666667
2024-07,Hayley Kiyoko,2.060766666666667
2024-07,Beyoncé,2.02245
2024-07,Marvin Gaye,1.9973
2024-07,Maria Bilbao,1.9766333333333335
2024-07,Nicholas Christopher,1.94405
2024-07,Howard McGillin,1.92355
2024-07,Saweetie,1.91035
2024-07,Maddie Baillio,1.8682166666666666
2024-07,Priyanka,1.8680666666666665
2024-07,XKYLAR,1.8326833333333334
2024-07,Jordan Fisher,1.8231000000000002
2024-07,Mon Rovîa,1.8
2024-07,Larray,1.7588
2024-07,Lyn,1.7522333333333333
2024-07,Reneé Rapp,1.7314833333333335
2024-07,Eiko Shimamiya,1.6389333333333334
2024-07,mousike,1.6167333333333334
2024-07,長門有希 (CV.茅原実里),1.5488
2024-07,skyemane,1.5078333333333334
2024-07,Oren Tsor,1.5044166666666667
2024-07,Moonbaby,1.4609666666666667
2024-07,JoJo Siwa,1.4442666666666666
2024-07,Iggy Azalea,1.3870166666666668
2024-07,ALICESOFT,1.2618333333333334
2024-07,Jason Derulo,1.1843666666666666
2024-07,Iron Butterfly,1.1791833333333333
2024-07,SHARKFISH,1.1515166666666667
2024-07,Elton John,1.12695
2024-07,Joseph Williams,1.0492333333333332
2024-07,John Rapson,1.0333666666666668
2024-07,亜咲花,1.0286166666666667
2024-07,Carmen Twillie,0.9340166666666667
2024-07,Sophie Holohan,0.9149333333333334
2024-07,Mayer Davis,0.89555
2024-07,Fred Lassen,0.8138333333333333
2024-07,Our Siddur,0.72035
2024-07,The Sons of Pitches,0.6944
2024-07,Baby Tate,0.6486
2024-07,Brit Smith,0.5738666666666666
2024-07,Yung Gravy,0.5619166666666666
2024-07,Kesha,0.5475333333333333
2024-07,Radiohead,0.48283333333333334
2024-07,VoicePlay,0.47856666666666664
2024-07,平田志穂子,0.43233333333333335
2024-07,Andrew Gold,0.40015
2024-07,Nathan Lane,0.3505666666666667
2024-07,Trixie Mattel,0.3499333333333333
2024-07,Lene,0.32426666666666665
2024-07,Melodores,0.31888333333333335
2024-07,The Sockapellas,0.31655
2024-07,DEAN FUJIOKA,0.3055333333333333
2024-07,The Dartmouth Aires,0.27625
2024-07,Kylie Cantrall,0.24771666666666667
2024-07,Girls Aloud,0.21368333333333334
2024-07,Jay Sean,0.21013333333333334
2024-07,INTI CREATES,0.18923333333333334
2024-07,Ayumi Hamasaki,0.18381666666666666
2024-07,Overboard,0.18203333333333332
2024-07,The Kinks,0.17491666666666666
2024-07,Talking Heads,0.16833333333333333
2024-07,Nikki Blonsky,0.1544
2024-07,Ashnikko,0.14936666666666668
2024-07,The Runaways,0.14898333333333333
2024-07,Ayana,0.14825
2024-07,AronChupa,0.1428
2024-07,Troye Sivan,0.1351
2024-07,キョンの妹 (CV.あおきさやか),0.10835
2024-07,Brandeis VoiceMale,0.10346666666666667
2024-07,Miley Cyrus,0.10343333333333334
2024-07,Onsa Media,0.1024
2024-07,The Supremes,0.0979
2024-07,Kelly Clarkson,0.09403333333333333
2024-07,Hyannis Sound,0.09171666666666667
2024-07,Ellis Miah,0.0859
2024-07,Tokyo Philharmonic Orchestra,0.08203333333333333
2024-07,Carlos Baute,0.08035
2024-07,Toby Fox,0.07895
2024-07,Tufts University Sq!,0.0775
2024-07,シロクマ消しゴム,0.07468333333333334
2024-07,Focus Noise,0.07466666666666667
2024-07,Tommy Richman,0.0736
2024-07,Citizen Queen,0.06848333333333333
2024-07,Kanye West,0.0663
2024-07,Pebbles&TamTam,0.06485
2024-07,Passenger,0.0643
2024-07,Paramore,0.06185
2024-07,Skrillex,0.06165
2024-07,Jamie Jackson,0.060083333333333336
2024-07,Kacey Musgraves,0.05533333333333333
2024-07,Jon Cozart,0.05495
2024-07,DVBBS,0.05333333333333334
2024-07,岡部啓一,0.05301666666666666
2024-07,Aya Hirano,0.0487
2024-07,Leslie Odom Jr.,0.04763333333333333
2024-07,Frankie Valli & The Four Seasons,0.0476
2024-07,KT Tunstall,0.04671666666666666
2024-07,Karmin,0.04488333333333333
2024-07,"Earth, Wind & Fire",0.043333333333333335
2024-07,Alarm Tones,0.0423
2024-07,Ithaca College Ithacappella,0.0423
2024-07,Daddy Yankee,0.0383
2024-07,UPSAHL,0.037533333333333335
2024-07,Alaska Thunderfuck,0.03448333333333333
2024-07,ꉈꀧ꒒꒒ꁄꍈꍈꀧ꒦ꉈ ꉣꅔꎡꅔꁕꁄ,0.034133333333333335
2024-07,Maccabeats,0.032883333333333334
2024-07,HiguUmiSound,0.03235
2024-07,"The Cast of RuPaul's Drag Race All Stars, Season 6",0.03235
2024-07,Rachel Zegler,0.030566666666666666
2024-07,DJ Khaled,0.02915
2024-07,Julieta Venegas,0.02825
2024-07,Peter Hollens,0.02785
2024-07,The Bellas,0.0267
2024-07,Caramella Girls,0.02666666666666667
2024-07,Marshmello,0.025916666666666668
2024-07,Adam Hicks,0.025583333333333333
2024-07,Shaboozey,0.024766666666666666
2024-07,Hailee Steinfeld,0.024516666666666666
2024-07,Zach Bryan,0.0236
2024-07,Far East Movement,0.02275
2024-07,Selena,0.020116666666666668
2024-07,Lil Nas X,0.018833333333333334
2024-07,SIX,0.018483333333333334
2024-07,Justin Bieber,0.01705
2024-07,"The Cast of RuPaul's Drag Race All Stars, Season 5",0.014933333333333333
2024-07,Ted Poley,0.014566666666666667
2024-07,Morgan Wallen,0.014316666666666667
2024-07,The Band Perry,0.01005
2024-07,Bruno Mars,0.0015333333333333334
2024-07,Zara Larsson,0.00045
2024-08,Crazy Ex-Girlfriend Cast,8.076683333333333
2024-08,RuPaul,6.801233333333333
2024-08,Erika Henningsen,5.884683333333333
2024-08,Charlie Puth,5.7595833333333335
2024-08,The Simpsons,5.7311
2024-08,Sufjan Stevens,5.412
2024-08,Aya Hirano,5.1147833333333335
2024-08,Lemon,4.783266666666666
2024-08,Capcom Sound Team,4.7633
2024-08,Meghan Trainor,4.388183333333333
2024-08,Mikito P,4.015933333333333
2024-08,Nikki Blonsky,3.96385
2024-08,Macklemore & Ryan Lewis,3.9268833333333335
2024-08,Rosario Dawson,3.90155
2024-08,アトラスサウンドチーム,3.8484166666666666
2024-08,Hitoshizuku and Yama,3.74435
2024-08,Adam Lambert,3.743133333333333
2024-08,Stephen Schwartz,3.7397666666666667
2024-08,Mike Faist,3.716
2024-08,Glee Cast,3.6662000000000003
2024-08,Mumford & Sons,3.6330666666666667
2024-08,The Charlie Daniels Band,3.5811
2024-08,livetune,3.5774166666666667
2024-08,Taylor Swift,3.5037166666666666
2024-08,Rupert Pope,3.4912
2024-08,Orianthi,3.3391
2024-08,Chappell Roan,3.3014833333333335
2024-08,Lin-Manuel Miranda,3.2530833333333335
2024-08,Weezer,3.1458333333333335
2024-08,Shawn Mendes,3.1328833333333335
2024-08,Bob the Drag Queen,3.112983333333333
2024-08,The Beach Boys,3.00155
2024-08,Diane Guerrero,2.9904333333333333
2024-08,Regina Price,2.9589333333333334
2024-08,Hannah Montana,2.9584333333333332
2024-08,Jeremy Zucker,2.9208833333333333
2024-08,Victorious Cast,2.8391
2024-08,Hanumankind,2.7563
2024-08,Gracie Abrams,2.6191
2024-08,Mitchie M,2.5043
2024-08,dai,2.4958
2024-08,Saweetie,2.32355
2024-08,Luke Combs,2.275316666666667
2024-08,Leslie Odom Jr.,2.176216666666667
2024-08,Richy Mitch & The Coal Miners,1.7708333333333333
2024-08,Joy Downer,1.7516
2024-08,The Cast of Canada's Drag Race: Canada vs The World,1.7397166666666668
2024-08,Lorraine Bowen,1.7314166666666666
2024-08,Charli xcx,1.6598333333333333
2024-08,Original Cast of Billy Elliot,1.6500333333333332
2024-08,The Barden Bellas,1.6488833333333333
2024-08,Dr. Doofenshmirtz,1.6131
2024-08,Adventure Time,1.5406166666666667
2024-08,Sara Bareilles,1.4879833333333334
2024-08,Foster The People,1.46555
2024-08,Elton John,1.2842333333333333
2024-08,Taio Cruz,1.1864833333333333
2024-08,Dove Cameron,1.1546666666666667
2024-08,Michelle Pfeiffer,1.1402666666666668
2024-08,Josh Groban,1.1232166666666668
2024-08,Original Broadway Cast of Hamilton,0.9853333333333333
2024-08,Dev Limes,0.8991833333333333
2024-08,INTI CREATES,0.8437333333333333
2024-08,Milk In The Microwave,0.6038666666666667
2024-08,RINA,0.5383
2024-08,Kristin Chenoweth,0.4391
2024-08,Stephen Sondheim,0.35911666666666664
2024-08,Auli'i Cravalho,0.3262333333333333
2024-08,Adam Pascal,0.3119166666666667
2024-08,Ben Platt,0.2889
2024-08,Green Day,0.24683333333333332
2024-08,Ryan McCartan,0.22973333333333334
2024-08,Liza Anne,0.19165
2024-08,Ado,0.15246666666666667
2024-08,Original London Cast of 'Billy Elliot The Musical',0.13931666666666667
2024-08,Bear McCreary,0.12728333333333333
2024-08,When Thieves Run,0.11341666666666667
2024-08,VAX,0.096
2024-08,Bob's Burgers,0.0942
2024-08,Pharrell Williams,0.09373333333333334
2024-08,Pascal Flores,0.08923333333333333
2024-08,Monique Heart,0.08081666666666666
2024-08,Bitmaster,0.08035
2024-08,Elle McLemore,0.06733333333333333
2024-08,Barrett Wilbert Weed,0.05765
2024-08,Jan & Dean,0.05416666666666667
2024-08,Bastille,0.05048333333333333
2024-08,Luck Ganriki,0.050133333333333335
2024-08,Zac Efron,0.0476
2024-08,Jimin,0.046816666666666666
2024-08,Queen Latifah,0.04526666666666666
2024-08,Reneé Rapp,0.0416
2024-08,Chris Pine,0.03521666666666667
2024-08,Cast Of The Motion Picture Rent,0.032883333333333334
2024-08,神前 暁,0.025533333333333335
2024-08,陳淑樺,0.021683333333333332
2024-08,Tally Hall,0.019566666666666666
2024-08,Super Mario 64,0.01955
2024-08,Nightmare,0.0194
2024-08,John Rapson,0.018133333333333335
2024-08,Over the Garden Wall,0.008883333333333333
2024-08,GroovyDominoes52,0.008166666666666666
2024-09,Dai,79.19538333333334
2024-09,The Consouls,72.95471666666667
2024-09,Crazy Ex-Girlfriend Cast,57.407000000000004
2024-09,The 8-Bit Big Band,47.91335
2024-09,RuPaul,41.6141
2024-09,Bob's Burgers,38.34636666666667
2024-09,Lyn,37.262566666666665
2024-09,Lady Gaga,30.522949999999998
2024-09,アトラスサウンドチーム,30.137933333333333
2024-09,Katy Perry,27.52265
2024-09,O.A.R.,26.095433333333332
2024-09,神前 暁,24.397416666666665
2024-09,Nicki Minaj,23.81276666666667
2024-09,Glee Cast,23.79795
2024-09,Capcom Sound Team,21.260733333333334
2024-09,Aya Hirano,20.115299999999998
2024-09,The Simpsons,20.066883333333333
2024-09,insaneintherainmusic,19.435716666666668
2024-09,平田志穂子,18.92995
2024-09,zts,18.434916666666666
2024-09,Demi Lovato,18.186183333333332
2024-09,Rihanna,16.71235
2024-09,Mikito P,16.4542
2024-09,Adam Lambert,15.1262
2024-09,Adventure Time,14.986433333333334
2024-09,INTI CREATES,14.968533333333333
2024-09,Taylor Swift,14.456916666666666
2024-09,DEQUAR,14.043966666666666
2024-09,Toby Fox,13.281583333333334
2024-09,Luck Ganriki,12.49065
2024-09,High School Musical Cast,12.284866666666666
2024-09,Beyoncé,11.679966666666667
2024-09,Barrett Wilbert Weed,11.5451
2024-09,Lin-Manuel Miranda,10.94515
2024-09,Christopher Jackson,10.817766666666667
2024-09,The OneUps,9.595766666666668
2024-09,xaki,9.527033333333334
2024-09,KokiRemix,9.501433333333333
2024-09,ST☆RISH,9.32165
2024-09,Stephen Schwartz,8.651983333333334
2024-09,Original Cast of Billy Elliot,8.641316666666667
2024-09,dai,8.388916666666667
2024-09,Ariana Grande,8.332566666666667
2024-09,Anna Kendrick,8.072183333333333
2024-09,Candace,8.052200000000001
2024-09,P!nk,8.0291
2024-09,Retro Remix Revue,8.021133333333333
2024-09,Marc Russo,7.957566666666667
2024-09,Daveed Diggs,7.911383333333333
2024-09,遠藤正明,7.8309
2024-09,Kunning Fox,7.716666666666667
2024-09,Super Soul Bros,7.654416666666666
2024-09,Jerry Martin,7.556333333333333
2024-09,Yoko Shimomura,7.539999999999999
2024-09,Catherine Zeta-Jones,7.3788833333333335
2024-09,Giga,6.86165
2024-09,pre-holder,6.587783333333333
2024-09,Christina Aguilera,6.42155
2024-09,Vetrom,6.377916666666667
2024-09,Jeremy Jordan,6.303016666666666
2024-09,Watsky,6.124133333333333
2024-09,Tokyo Philharmonic Orchestra,6.032066666666666
2024-09,Laura Bell Bundy,5.823333333333333
2024-09,Leslie Odom Jr.,5.525666666666667
2024-09,John Tartaglia,5.461333333333333
2024-09,SEATBELTS,5.443566666666666
2024-09,will.i.am,5.416033333333333
2024-09,柴田徹也,5.385683333333334
2024-09,Andrew Lloyd Webber,5.380933333333333
2024-09,Hikaru Utada,5.369866666666667
2024-09,"""Weird Al"" Yankovic",5.2235
2024-09,Kradness,5.171666666666667
2024-09,yell0,5.108966666666666
2024-09,Scott Barnhardt,5.056
2024-09,Kate Shindle,4.987333333333333
2024-09,mothy,4.9835666666666665
2024-09,Ado,4.977483333333334
2024-09,Satsuki ga Tenkomori,4.8963833333333335
2024-09,Grey Henson,4.886433333333334
2024-09,Eve,4.733333333333333
2024-09,Bee Gees,4.7191
2024-09,Crystal Waters,4.674433333333333
2024-09,M.Zakky,4.618433333333334
2024-09,Britney Spears,4.606216666666667
2024-09,Rascal Flatts,4.605333333333333
2024-09,Douglas Robb,4.504883333333333
2024-09,Renée Elise Goldsberry,4.50285
2024-09,Mickey Rooney,4.490666666666667
2024-09,R.E.M.,4.473766666666666
2024-09,Dale North & Mustin,4.4589
2024-09,"The Cast of RuPaul's Drag Race: All Stars, Season 4",4.394416666666666
2024-09,Company,4.392433333333333
2024-09,Hedwig And The Angry Inch - Original Broadway Cast,4.358083333333333
2024-09,涼宮ハルヒ (CV.平野 綾),4.316433333333333
2024-09,OneRepublic,4.24495
2024-09,Erika Henningsen,4.224483333333334
2024-09,Queen Latifah,4.22045
2024-09,fun.,4.214483333333333
2024-09,Mitchie M,4.193783333333334
2024-09,Journey,4.16
2024-09,Bon Jovi,4.154883333333333
2024-09,Derek Hough,4.136916666666667
2024-09,Gotye,4.082883333333333
2024-09,Nelly Furtado,4.052666666666667
2024-09,HiguUmiSound,3.9482333333333335
2024-09,Charli xcx,3.9125833333333335
2024-09,Ruth B.,3.9099333333333335
2024-09,The Chipettes,3.8848833333333332
2024-09,Yunosuke,3.8619666666666665
2024-09,Kyary Pamyu Pamyu,3.85365
2024-09,Colbie Caillat,3.85355
2024-09,Scissor Sisters,3.8306666666666667
2024-09,Justin Bieber,3.8244333333333334
2024-09,Spongebob Squarepants,3.823833333333333
2024-09,Amy Adams,3.8173333333333335
2024-09,Country Joe & The Fish,3.768883333333333
2024-09,Olivia Newton-John,3.7665333333333333
2024-09,Chappell Roan,3.74305
2024-09,Noah Kahan,3.723333333333333
2024-09,"The Cast of RuPaul's Drag Race, Season 12",3.6977166666666665
2024-09,Sevenn,3.677416666666667
2024-09,이정현,3.6773333333333333
2024-09,Marissa Jaret Winokur,3.673766666666667
2024-09,Olivia Rodrigo,3.6620666666666666
2024-09,HE★VENS,3.6608333333333336
2024-09,わかばやし,3.6494666666666666
2024-09,Black Eyed Peas,3.620833333333333
2024-09,The Barden Bellas,3.606883333333333
2024-09,"""Les Misérables Original London Cast"" Ensemble",3.6022166666666666
2024-09,JoJo,3.584216666666667
2024-09,Ylvis,3.5618
2024-09,Neon Trees,3.5382166666666666
2024-09,Lea Michele,3.5369333333333337
2024-09,One Direction,3.535683333333333
2024-09,Rebecca Black,3.5004166666666667
2024-09,Omoi,3.5
2024-09,25時、ナイトコードで。,3.4953166666666666
2024-09,Mariah Carey,3.4842166666666667
2024-09,Snoop Dogg,3.45555
2024-09,Nickelodeon,3.4476666666666667
2024-09,Gaten Matarazzo,3.4430666666666667
2024-09,Fall Out Boy,3.4383333333333335
2024-09,Tommy Tutone,3.40635
2024-09,Khalid,3.375766666666667
2024-09,Jessica Darrow,3.370433333333333
2024-09,PinocchioP,3.3451666666666666
2024-09,DECO*27,3.342716666666667
2024-09,Jonathan Groff,3.3073333333333332
2024-09,David Wise,3.2879666666666667
2024-09,Corbin Bleu,3.2826666666666666
2024-09,Idina Menzel,3.2474666666666665
2024-09,Bowling For Soup,3.216666666666667
2024-09,Tatianna,3.20875
2024-09,Sixpence None The Richer,3.1964333333333332
2024-09,Stephen Sondheim,3.156616666666667
2024-09,Anyma,3.104
2024-09,Jemaine Clement,3.0911
2024-09,Dua Lipa,3.0548333333333333
2024-09,Rosario Dawson,3.0457666666666667
2024-09,Garrett Clayton,2.9891
2024-09,Childish Gambino,2.9742166666666665
2024-09,Trixie Mattel,2.9735833333333335
2024-09,Rachel Zegler,2.9713333333333334
2024-09,Shiroku,2.9655
2024-09,Fozzie,2.9604333333333335
2024-09,朝比奈みくる (CV.後藤邑子),2.9434666666666667
2024-09,Ariana DeBose,2.8932333333333333
2024-09,Lizzo,2.88875
2024-09,Patti Cohenour,2.886433333333333
2024-09,"Bad Cop, Bad Cop",2.8733333333333335
2024-09,KATYA,2.8379166666666666
2024-09,George Rose,2.8284333333333334
2024-09,The Cast of Canada's Drag Race,2.7849833333333334
2024-09,The Original Broadway Cast Of School Of Rock,2.7669333333333332
2024-09,フォーエイト48,2.7666666666666666
2024-09,All Time Low,2.7484333333333333
2024-09,Josh Gad,2.720666666666667
2024-09,James Marsden,2.7048833333333335
2024-09,Frances Ruffelle,2.6966666666666668
2024-09,Dolly Parton,2.6922166666666665
2024-09,cupcakKe,2.6888666666666667
2024-09,まりも,2.60365
2024-09,Cheech Manohar,2.6024333333333334
2024-09,Hitoshizuku and Yama,2.57365
2024-09,Braxton Burks,2.5732666666666666
2024-09,Guy Lombardo,2.5551
2024-09,Eden Espinosa,2.5385
2024-09,Kanaria,2.531683333333333
2024-09,黒崎真音,2.5241833333333332
2024-09,Kaguyahime,2.5051
2024-09,Fergie,2.4912666666666667
2024-09,Patina Miller,2.45545
2024-09,Andrea Burns,2.4464333333333332
2024-09,Imelda Staunton,2.44585
2024-09,Far East Movement,2.4414166666666666
2024-09,Poppy,2.4212
2024-09,Selena Gomez & The Scene,2.3495166666666667
2024-09,Yugo Kanno,2.3473333333333333
2024-09,Chorus - Hercules,2.3428833333333334
2024-09,Steven Universe,2.3075666666666668
2024-09,Kerry Butler,2.2676333333333334
2024-09,Yendorami,2.2625
2024-09,ナノウ,2.260266666666667
2024-09,Josh Groban,2.166733333333333
2024-09,Isabella,2.136
2024-09,小宮知子,2.09405
2024-09,Brenton Kossak,2.0755166666666667
2024-09,Ryan,2.0637666666666665
2024-09,Cheyenne Jackson,2.0204333333333335
2024-09,Abreu Project,2.0069833333333333
2024-09,Umegaki Runa,2.005
2024-09,Phineas and the Ferbtones,1.964
2024-09,Daniel Huttlestone,1.9517666666666666
2024-09,Tony Brattoli,1.9461166666666667
2024-09,Avril Lavigne,1.9438333333333333
2024-09,Franco Albertini,1.9375
2024-09,Thayne Jasperson,1.8790333333333333
2024-09,Raini Rodriguez,1.7397333333333334
2024-09,Adam Hicks,1.68885
2024-09,Cyndi Wang,1.6881499999999998
2024-09,BT,1.6877
2024-09,Moon Sisters,1.6827166666666666
2024-09,The Fray,1.6729833333333333
2024-09,The Cast of RuPaul's Drag Race,1.6268833333333332
2024-09,Stephen Tewksbury,1.5897666666666668
2024-09,Koo Koo,1.58435
2024-09,Laurence Manning,1.55085
2024-09,Carsie Blanton,1.54475
2024-09,L.A Band,1.5058666666666667
2024-09,TKDz2b,1.5
2024-09,Johnny Depp,1.4623833333333334
2024-09,Jerome Kurtenbach,1.4547
2024-09,Kyle Selig,1.4191
2024-09,Maddie Baillio,1.3773
2024-09,Cobra Starship,1.3237166666666667
2024-09,Uncle Sabu & Co.,1.2824833333333334
2024-09,Terkaza,1.2558833333333332
2024-09,Rhett Rhapsody,1.2460666666666667
2024-09,Bo Burnham,1.1712
2024-09,David Glen Eisley,1.1473666666666666
2024-09,Arcade Player,1.1352499999999999
2024-09,Charlie Hodson-Prior,1.1114666666666666
2024-09,Eiko Shimamiya,1.09375
2024-09,Studio Killers,1.0773333333333333
2024-09,Britney Manson,1.0677166666666666
2024-09,Danny Jacob,1.0371
2024-09,The Stardust Sisters,1.03675
2024-09,10 String Symphony,0.96845
2024-09,Ava Max,0.9621333333333333
2024-09,ワンダーランズ×ショウタイム,0.9205666666666666
2024-09,Original Broadway Cast of Hamilton,0.914
2024-09,Mykah,0.8896833333333333
2024-09,ラプラス・ダークネス,0.87345
2024-09,The Living Tombstone,0.83745
2024-09,Tom Polce,0.8096
2024-09,John Lennon,0.7817333333333333
2024-09,Geek Music,0.76515
2024-09,Bernadette Peters,0.7466666666666667
2024-09,Ida Corr,0.7463333333333333
2024-09,Carter Burwell,0.7314166666666667
2024-09,川村ゆみ,0.6791
2024-09,Diana Ross,0.6787833333333333
2024-09,"The Cast of RuPaul's Drag Race UK, Season 3",0.6776333333333333
2024-09,John Williams,0.6764666666666667
2024-09,Christian Borle,0.6588666666666667
2024-09,Shawn Mendes,0.6214666666666666
2024-09,Kalafina,0.6190666666666667
2024-09,Daft Punk,0.6048666666666667
2024-09,Lindana,0.5799666666666666
2024-09,Cast of High School Musical: The Musical: The Series,0.5741666666666667
2024-09,リコ(CV:鈴木みのり),0.5695833333333333
2024-09,TЯicKY,0.5348166666666667
2024-09,Aly & AJ,0.5173333333333333
2024-09,Milk In The Microwave,0.51585
2024-09,Nanameue-P,0.5023666666666666
2024-09,ABBA,0.46941666666666665
2024-09,Paris Hilton,0.4609333333333333
2024-09,古泉一樹 (CV.小野大輔),0.44215000000000004
2024-09,μ's,0.41955
2024-09,90´s or 20´s cartoons,0.3758166666666667
2024-09,LAY,0.37366666666666665
2024-09,Meghan Kabir,0.36906666666666665
2024-09,Optimica,0.3537666666666667
2024-09,Video Games Live,0.34868333333333335
2024-09,Sabrina Carpenter,0.32283333333333336
2024-09,C418,0.30456666666666665
2024-09,The Marcus Hedges Trend Orchestra,0.2964333333333333
2024-09,Eminem,0.2927666666666667
2024-09,Kiyoshi Hikawa,0.2862166666666667
2024-09,Joshua Bassett,0.26771666666666666
2024-09,JADE,0.26393333333333335
2024-09,実谷なな,0.25955
2024-09,Chouchou-P,0.25776666666666664
2024-09,Moist,0.2566
2024-09,EasyPop,0.24355
2024-09,梁 邦彦,0.2411
2024-09,KIRA,0.24105000000000001
2024-09,Coa White,0.23643333333333333
2024-09,Annaleigh Ashford,0.22691666666666666
2024-09,Kikuo,0.21795
2024-09,Hitoshizuku,0.21688333333333334
2024-09,Zac Efron,0.21428333333333333
2024-09,โจ-ป๊อป,0.2087
2024-09,Akiko Shikata,0.20665
2024-09,Utsu-P,0.2044
2024-09,Aidan Veney,0.20393333333333333
2024-09,Lotus Juice,0.20123333333333332
2024-09,ギザみみピチュー,0.20016666666666666
2024-09,Mamoru Miyano,0.19426666666666667
2024-09,"The Cast of RuPaul's Drag Race, Season 13",0.18923333333333334
2024-09,Mrs. GREEN APPLE,0.1856
2024-09,Neru,0.16708333333333333
2024-09,Pokémon,0.16601666666666667
2024-09,Kelis,0.16355
2024-09,Sean Paul,0.16171666666666668
2024-09,Shakira,0.16038333333333332
2024-09,彩音,0.16006666666666666
2024-09,Daisuke,0.1582
2024-09,The Cast of RuPaul’s Drag Race All Stars,0.15401666666666666
2024-09,FULLJOS,0.15146666666666667
2024-09,Nem,0.14576666666666666
2024-09,Dios/signalP,0.14506666666666668
2024-09,Clean Bandit,0.1397
2024-09,MARINA,0.13813333333333333
2024-09,Yaelokre,0.1339
2024-09,sasakure.UK,0.13038333333333335
2024-09,John Gallagher Jr.,0.12305
2024-09,Ika,0.12195
2024-09,WADATAKEAKI KurageP,0.11945
2024-09,Koji Kondo,0.11455
2024-09,MORE MORE JUMP!,0.11398333333333333
2024-09,Miranda Cosgrove,0.11376666666666667
2024-09,Lemon,0.11163333333333333
2024-09,daniwellP,0.11133333333333333
2024-09,The 2012 London Cast of Sweeney Todd,0.11021666666666667
2024-09,OSTER project,0.10985
2024-09,Kanye West,0.10915
2024-09,dj-Jo,0.10841666666666666
2024-09,Shoko Nakagawa,0.10771666666666666
2024-09,syudou,0.10595
2024-09,SharaX,0.10486666666666666
2024-09,The Greatest Bits,0.10331666666666667
2024-09,rerulili,0.09883333333333333
2024-09,Kamex,0.09596666666666667
2024-09,RIB,0.09208333333333334
2024-09,Ikimonogakari,0.09134999999999999
2024-09,西郷憲一郎,0.089
2024-09,THEATRE BROOK,0.08853333333333334
2024-09,Shiritsu Ebisu Chugaku,0.08816666666666667
2024-09,SLAVE.V-V-R,0.08568333333333333
2024-09,UNISON SQUARE GARDEN,0.08461666666666667
2024-09,朱里エイコ,0.08358333333333333
2024-09,PattyCake,0.08126666666666667
2024-09,Chicken Mob,0.08055
2024-09,Reol,0.07963333333333333
2024-09,Mai Kuraki,0.07785
2024-09,Florence + The Machine,0.0775
2024-09,onewP,0.0775
2024-09,Hiroaki Tommy Tominaga,0.07608333333333334
2024-09,Cake The Musical,0.07536666666666667
2024-09,ryo (supercell),0.07536666666666667
2024-09,Maretu,0.07375000000000001
2024-09,Hironobu Kageyama,0.06968333333333333
2024-09,Ho - Kago Tea Time,0.06933333333333333
2024-09,Hannah Montana,0.06926666666666667
2024-09,M.I.A.,0.0679
2024-09,Dara Reneé,0.06733333333333333
2024-09,Dj Cutman,0.06578333333333333
2024-09,Maroon 5,0.06541666666666666
2024-09,Samfree,0.06505
2024-09,hachi,0.06505
2024-09,ぐちり,0.0647
2024-09,Yukari Hashimoto,0.06328333333333333
2024-09,Eir Aoi,0.06256666666666667
2024-09,HoneyWorks,0.06256666666666667
2024-09,Momokurotei Ichimon,0.06115
2024-09,ガルナ(オワタP),0.0608
2024-09,UMETORA,0.05971666666666667
2024-09,kinoshita,0.05901666666666667
2024-09,emon(Tes.),0.05795
2024-09,Crystal Kay,0.05723333333333333
2024-09,Julie Andrews,0.056883333333333334
2024-09,doriko,0.056883333333333334
2024-09,cosMo@Bousou-P,0.055099999999999996
2024-09,Miku and Friends,0.05368333333333333
2024-09,EGOIST,0.05333333333333334
2024-09,Motohiro Hata,0.05333333333333334
2024-09,Daniel Kahn,0.05296666666666667
2024-09,茅原実里,0.05185
2024-09,Ralfington,0.05146666666666667
2024-09,IOSYS,0.0512
2024-09,Cascada,0.05068333333333334
2024-09,Wonderful★opportunity!,0.05048333333333333
2024-09,Last Note.,0.0503
2024-09,Imagine Dragons,0.04976666666666667
2024-09,Tommy february6,0.04976666666666667
2024-09,Sachiko Kobayashi,0.04905
2024-09,Lucian Piane,0.04875
2024-09,Azari,0.04835
2024-09,LamazeP,0.04728333333333333
2024-09,Mackz,0.0472
2024-09,Rica Matsumoto,0.046566666666666666
2024-09,wowaka,0.046566666666666666
2024-09,Emdasche,0.04643333333333333
2024-09,Hatsune Miku,0.04621666666666667
2024-09,Brittany Murphy,0.04586666666666667
2024-09,Kitashirakawa Tamako (CV: Aya Suzaki),0.04515
2024-09,Dancing Dolls,0.04488333333333333
2024-09,livetune,0.044800000000000006
2024-09,Matsushita,0.044783333333333335
2024-09,PornoGraffitti,0.04443333333333333
2024-09,Aiden DX,0.044116666666666665
2024-09,Doubutsu Biscuits,0.043366666666666664
2024-09,TakeponG,0.043366666666666664
2024-09,YAKUSHIMARU Etsuko,0.043366666666666664
2024-09,n.k,0.043366666666666664
2024-09,UVERworld,0.04301666666666667
2024-09,Erika Jayne,0.0423
2024-09,Nayutalien,0.04123333333333333
2024-09,Crusher-P,0.040883333333333334
2024-09,Cement City,0.040633333333333334
2024-09,HitoshizukuP,0.04016666666666667
2024-09,The Muppets,0.039466666666666664
2024-09,P丸様｡,0.0391
2024-09,Tudd,0.03908333333333333
2024-09,MilkyyMelodies,0.03875
2024-09,Nagisa Soshite,0.037333333333333336
2024-09,ONE Ⅲ NOTES,0.037333333333333336
2024-09,本間芽衣子（CV.茅野愛衣）,0.037333333333333336
2024-09,Tokyo Elvis,0.03598333333333333
2024-09,Michael Ball,0.0359
2024-09,Paseri Onuma,0.0359
2024-09,Ryu*,0.034833333333333334
2024-09,KulfiQ,0.034133333333333335
2024-09,thinandbruised,0.03411666666666666
2024-09,Aaron Fraser-Nash,0.03376666666666667
2024-09,jimmythumbP,0.032883333333333334
2024-09,Whiteberry,0.0327
2024-09,Okieriete Onaodowan,0.03211666666666667
2024-09,Suzuki Masaki,0.03211666666666667
2024-09,メロエッタ(CV:中島愛),0.032
2024-09,Nanashi Hachiya,0.03128333333333334
2024-09,Pinkie Pie,0.030916666666666665
2024-09,Gregorian,0.02985
2024-09,Aaron Daniel Jacob,0.029783333333333332
2024-09,Maaya Uchida,0.0295
2024-09,Grupo Firme,0.0288
2024-09,ChouCho,0.028433333333333335
2024-09,WagakkiBand,0.028433333333333335
2024-09,BEAT MARIO,0.02808333333333333
2024-09,nyanyannya,0.02808333333333333
2024-09,KuroUsa,0.027016666666666668
2024-09,UNDER GRAPH,0.02666666666666667
2024-09,John Herrera,0.0263
2024-09,Little Glee Monster,0.0263
2024-09,Okazaki Taiiku,0.0263
2024-09,40mP,0.0256
2024-09,A Chorus Line Ensemble (2006),0.025583333333333333
2024-09,Aru Hirose,0.025233333333333333
2024-09,VGR,0.02515
2024-09,めろくる,0.024766666666666666
2024-09,9Lana,0.024166666666666666
2024-09,Vivid BAD SQUAD,0.024166666666666666
2024-09,Riproducer,0.023816666666666667
2024-09,Harumakigohan,0.0236
2024-09,RADWIMPS,0.022383333333333335
2024-09,真下かなみ(CV:寿美菜子),0.022033333333333332
2024-09,Owl City,0.021666666666666667
2024-09,無力P,0.0205
2024-09,MusikM,0.017066666666666667
2024-09,shitoo,0.0167
2024-09,Getter Jaani,0.015866666666666668
2024-09,Jesse Eisenberg,0.015083333333333334
2024-09,Typhillosion,0.01315
2024-09,Big Time Rush,0.009583333333333333
2024-09,Camila Cabello,0.007733333333333333
2024-09,高田龍一,0.00115
2024-09,RangChang,0.0
2024-10,Crazy Ex-Girlfriend Cast,187.4648
2024-10,Aiden DX,56.200833333333335
2024-10,DEQUAR,48.9655
2024-10,Bob's Burgers,31.489466666666665
2024-10,Glee Cast,28.507633333333334
2024-10,Lady Gaga,22.222450000000002
2024-10,神前 暁,20.182983333333333
2024-10,Dai,16.819166666666668
2024-10,アトラスサウンドチーム,16.558833333333332
2024-10,Rachel Bloom,13.791783333333333
2024-10,Victorious Cast,12.578066666666667
2024-10,RuPaul,12.370750000000001
2024-10,Andy Angel,12.024816666666666
2024-10,Capcom Sound Team,11.82575
2024-10,Nicki Minaj,10.246983333333333
2024-10,Flying Fingers,10.1333
2024-10,Luck Ganriki,10.096516666666666
2024-10,Green Day,9.926116666666665
2024-10,The Simpsons,9.591149999999999
2024-10,Phillipa Soo,9.564499999999999
2024-10,Toby Fox,9.265
2024-10,Mikito P,9.237033333333333
2024-10,Tokyo Philharmonic Orchestra,8.037616666666667
2024-10,Katy Perry,7.77475
2024-10,Steven Universe,7.766333333333334
2024-10,Sharpay Evans,7.486433333333334
2024-10,Ariana Grande,7.423
2024-10,Sabrina Carpenter,7.2334
2024-10,Jessie Mueller,7.2293666666666665
2024-10,RichaadEB,7.209683333333333
2024-10,高橋あず美,6.815366666666667
2024-10,Kerry Butler,6.71475
2024-10,Garfunkel and Oates,6.712516666666666
2024-10,Lotus Juice,6.657333333333333
2024-10,Charli xcx,6.417066666666667
2024-10,China Anne McClain,6.1071
2024-10,Andrew Rannells,5.831316666666667
2024-10,Kesha,5.737550000000001
2024-10,The Mystery of Edwin Drood - The 2013 New Broadway Cast,5.6538
2024-10,JOHANNA,5.260166666666667
2024-10,mulmeyun,5.037166666666667
2024-10,Dixie Flatline,5.025083333333333
2024-10,Bridgit Mendler,5.010383333333333
2024-10,xaki,5.008333333333334
2024-10,mothy,4.957016666666667
2024-10,Michelle Pfeiffer,4.924433333333333
2024-10,Original Broadway Cast of Into the Woods,4.86555
2024-10,Village People,4.7659
2024-10,Carpenters,4.6
2024-10,The Chipettes,4.558416666666666
2024-10,Aya Hirano,4.5553333333333335
2024-10,Whitney Houston,4.548216666666667
2024-10,M.Zakky,4.535616666666667
2024-10,Rihanna,4.527616666666667
2024-10,Taylor Swift,4.460883333333333
2024-10,Martin Short,4.329766666666667
2024-10,David Guetta,4.2566999999999995
2024-10,Little Mix,4.226116666666666
2024-10,Elton John,4.182266666666667
2024-10,Sleeping With Sirens,4.1706666666666665
2024-10,Julie Andrews,4.130216666666667
2024-10,Survivor,4.094
2024-10,Madonna,4.06955
2024-10,blink-182,4.0289
2024-10,Destiny's Child,4.0167
2024-10,寺島拓篤,3.98915
2024-10,Carmen Twillie,3.9606666666666666
2024-10,Ben Platt,3.9393333333333334
2024-10,Maroon 5,3.9246666666666665
2024-10,Sander Melodies,3.8952333333333335
2024-10,Henry Smith,3.8666666666666667
2024-10,Doja Cat,3.8413333333333335
2024-10,Pitbull,3.8251
2024-10,HiguUmiSound,3.8183833333333332
2024-10,Daft Punk,3.77355
2024-10,We The Kings,3.6691
2024-10,Elijah Kelley,3.664433333333333
2024-10,Cheyenne Jackson,3.6462166666666667
2024-10,Aly & AJ,3.6388833333333332
2024-10,Harvey Danger,3.6211
2024-10,Carolina Gaitán,3.602
2024-10,Mayday Parade,3.6
2024-10,Demi Lovato,3.53815
2024-10,Erika Henningsen,3.518666666666667
2024-10,Set It Off,3.5171
2024-10,"""Weird Al"" Yankovic",3.4936333333333334
2024-10,The Bedquilt Ramblers,3.4631
2024-10,Manila Luzon,3.336
2024-10,Iggy Azalea,3.3323
2024-10,Maia Mitchell,3.3106666666666666
2024-10,Ethan Slater,3.2571
2024-10,Falling In Reverse,3.2562166666666665
2024-10,Troy,3.2552666666666665
2024-10,AKB48,3.2471
2024-10,Dua Lipa,3.2304833333333334
2024-10,vunes,3.18035
2024-10,Donna Murphy,3.174
2024-10,Lyn,3.1602166666666665
2024-10,Peach PRC,3.0408
2024-10,Miley Cyrus,3.0168833333333334
2024-10,リコ(CV:鈴木みのり),3.0068833333333336
2024-10,Jason Segel,2.9588833333333335
2024-10,Caramella Girls,2.9222166666666665
2024-10,ROSÉ,2.8247333333333335
2024-10,Avian Invasion,2.7705
2024-10,Lorraine Bowen,2.7597666666666667
2024-10,pre-holder,2.7513666666666667
2024-10,Mandy Moore,2.7114666666666665
2024-10,Jinkx Monsoon,2.70705
2024-10,Mary Testa,2.682
2024-10,J Pee,2.6643333333333334
2024-10,Loosey Laduca,2.56
2024-10,Leonard Bernstein,2.5404333333333335
2024-10,Shania Twain,2.540216666666667
2024-10,Alex Warren,2.528
2024-10,benny blanco,2.5278833333333335
2024-10,Jonathan Bloch,2.3960666666666666
2024-10,David Schultz,2.3766166666666666
2024-10,Lin-Manuel Miranda,2.3674
2024-10,Chorus - Hercules,2.31555
2024-10,Gwen Verdon,2.21545
2024-10,Ray Bolger,2.1771833333333332
2024-10,Wolfgang Amadeus Mozart,2.1738
2024-10,Mount Hayes,2.1643833333333333
2024-10,Buddy Holly,2.152
2024-10,Michael Maguire,2.1422166666666667
2024-10,Original Broadway Cast of Hamilton,2.141166666666667
2024-10,μ's,2.13245
2024-10,INTI CREATES,2.1216999999999997
2024-10,Ashley Park,2.0704333333333333
2024-10,高田龍一,2.0528833333333334
2024-10,dai,1.9409166666666668
2024-10,Patti Cohenour,1.80515
2024-10,Belle and Sebastian,1.80345
2024-10,Umegaki Runa,1.7271
2024-10,Pokémon,1.7027833333333333
2024-10,FiolTune,1.6763333333333332
2024-10,Stacy's Cousins,1.506
2024-10,Princess Cadance,1.4432333333333334
2024-10,HuxP,1.4363333333333332
2024-10,High School Musical Cast,1.2761833333333334
2024-10,Mercedesz Csampai,1.1404833333333333
2024-10,Clean Bandit,1.1402333333333332
2024-10,Phinedroids and Ferbots,1.14
2024-10,Mena Massoud,1.13995
2024-10,Jodie Steele,1.1388333333333334
2024-10,Yusuke,1.1206166666666666
2024-10,Player2,1.1149333333333333
2024-10,Rachel Bay Jones,1.1114666666666666
2024-10,Oompa-Loompas,1.10875
2024-10,The Turtles,1.0785666666666667
2024-10,Calvin Harris,1.0602666666666667
2024-10,Ben Crawford,1.0487666666666666
2024-10,Kristin Chenoweth,0.998
2024-10,Pyotr Ilyich Tchaikovsky,0.9812333333333334
2024-10,PinocchioP,0.9773
2024-10,Dolly Parton,0.9541166666666666
2024-10,Hans Zimmer,0.9458166666666666
2024-10,Spongebob Squarepants,0.9344333333333333
2024-10,Meryl Streep,0.92195
2024-10,Troye Sivan,0.9211166666666667
2024-10,Selena Gomez,0.84355
2024-10,Randy Graff,0.84015
2024-10,Josh Groban,0.7980333333333334
2024-10,Barrett Wilbert Weed,0.7837500000000001
2024-10,CircusP,0.77515
2024-10,Nickelodeon,0.68545
2024-10,Charles Manson,0.6554
2024-10,The Chipmunks & The Chipettes,0.6104833333333334
2024-10,Coldplay,0.5661666666666667
2024-10,Julie Dawn Cole,0.5387
2024-10,Chaka Khan,0.5241499999999999
2024-10,Tom Polce,0.50675
2024-10,Meghan Trainor,0.5066666666666667
2024-10,doriko,0.5045166666666666
2024-10,Leslie Odom Jr.,0.49806666666666666
2024-10,Cristina Vee,0.43961666666666666
2024-10,Helena Bonham Carter,0.4046166666666667
2024-10,Courtney Act,0.39713333333333334
2024-10,Anthony Crivello,0.3925166666666667
2024-10,The Cast of RuPaul's Drag Race UK,0.3839666666666667
2024-10,Childish Gambino,0.36093333333333333
2024-10,ROCK-MEN,0.34868333333333335
2024-10,Reneé Rapp,0.3448666666666667
2024-10,The City of Prague Philharmonic Orchestra,0.33490000000000003
2024-10,Jhon Allan,0.31785
2024-10,Kris Bowers,0.27303333333333335
2024-10,fun.,0.24995
2024-10,The Cast of RuPaul's Drag Race,0.24781666666666666
2024-10,Uma German,0.24638333333333334
2024-10,James Monroe Iglehart,0.23493333333333333
2024-10,ユミコ & 高良祐子,0.22871666666666668
2024-10,Bo Burnham,0.22648333333333334
2024-10,The Baby Einstein Music Box Orchestra,0.2222
2024-10,Aaliyah Rose,0.22175
2024-10,Zooey Deschanel,0.21688333333333334
2024-10,Rowena Fysx,0.20976666666666666
2024-10,Marcy,0.16213333333333332
2024-10,Something Corporate,0.15455
2024-10,Alex Brightman,0.1486
2024-10,Jemaine Clement,0.139
2024-10,Philip Quast,0.13563333333333333
2024-10,Curtis Holbrook,0.1351
2024-10,Tony Roberts,0.13071666666666668
2024-10,salem ilese,0.1159
2024-10,Da Vinci's Notebook,0.11386666666666667
2024-10,Catbreath?,0.10695
2024-10,ST☆RISH,0.10318333333333334
2024-10,Imelda Staunton,0.0992
2024-10,PilgorDaGOAT,0.09918333333333333
2024-10,The Muppets Barbershop Quartet,0.07971666666666667
2024-10,Kristen Anderson-Lopez,0.0785
2024-10,Gavin Creel,0.07803333333333333
2024-10,Christine Lavin,0.0758
2024-10,Ludwig van Beethoven,0.07536666666666667
2024-10,Stephen Schwartz,0.07275
2024-10,Decisions,0.07216666666666667
2024-10,Jules Mouquet,0.06933333333333333
2024-10,Lynnette Perry,0.06933333333333333
2024-10,The Lonely Island,0.0679
2024-10,平田志穂子,0.064
2024-10,Peter Gregson,0.0626
2024-10,Paterson Joseph,0.0623
2024-10,Antonio Vivaldi,0.06186666666666667
2024-10,okameP,0.06113333333333333
2024-10,otetsu,0.05998333333333333
2024-10,Dai Klan (Megumi Toyoguchi) x Shou Klan (Megumi Toyoguchi),0.05971666666666667
2024-10,Samuel E. Wright,0.059366666666666665
2024-10,AVTechNO!,0.0561
2024-10,May'n,0.0561
2024-10,Annaleigh Ashford,0.05301666666666666
2024-10,Jonathan Groff,0.0519
2024-10,Hylen,0.049416666666666664
2024-10,Hachioji P,0.049133333333333334
2024-10,Georges Bizet,0.044083333333333335
2024-10,FLAVA,0.04301666666666667
2024-10,Johannes Brahms,0.04301666666666667
2024-10,Jennifer Hudson,0.03791666666666667
2024-10,MusicClubKids!,0.034466666666666666
2024-10,Ultra-Noob,0.029783333333333332
2024-10,Anthony Gonzalez,0.02666666666666667
2024-10,Barenaked Ladies,0.0263
2024-10,Jenny Lewis,0.0224
2024-10,KT Tunstall,0.022033333333333332
2024-10,Snoozegod,0.020966666666666668
2024-10,Taking Back Sunday,0.01895
2024-10,Ylvis,0.018133333333333335
2024-10,Silva Hound,0.010166666666666666
2024-10,Jack Black,0.008666666666666666
2024-10,Joe Grifasi,0.007216666666666666
2024-10,Jessica Darrow,0.0
2024-10,Joaquin Phoenix,0.0
2024-10,My Little Pony,0.0
2024-11,MARINA,25.560950000000002
2024-11,David Guetta,6.024216666666666
2024-11,Aiden DX,5.51225
2024-11,Mike Geno,3.8604166666666666
2024-11,High School Musical Cast,3.8004333333333333
2024-11,Alaska Thunderfuck,3.796483333333333
2024-11,Aya Hirano,3.788666666666667
2024-11,Britney Spears,3.751333333333333
2024-11,Sia,3.602
2024-11,Erika Henningsen,3.5593333333333335
2024-11,Tony Roberts,3.4148833333333335
2024-11,Adam Hicks,3.3017666666666665
2024-11,The Chipmunks & The Chipettes,3.2445500000000003
2024-11,Taylor Swift,3.1105666666666667
2024-11,Bob's Burgers,3.08455
2024-11,xaki,3.0696666666666665
2024-11,Eiffel 65,2.8234
2024-11,DPZ,2.658
2024-11,Luck Ganriki,2.4382166666666665
2024-11,neodoesmoosic,2.2536
2024-11,Crazy Ex-Girlfriend Cast,2.0584
2024-11,The Living Tombstone,1.1447166666666666
2024-11,boggio,1.05665
2024-11,lil aaron,0.9080833333333334
2024-11,Shawn Mendes,0.86075
2024-11,Duck Sauce,0.6037
2024-11,Scala & Kolacny Brothers,0.5166333333333334
2024-11,Giga,0.3958333333333333
2024-11,Kanaria,0.37865
2024-11,Divinyls,0.35331666666666667
2024-11,9infidell,0.31655
2024-11,Caramella Girls,0.28636666666666666
2024-11,STARKIDS,0.27413333333333334
2024-11,Howard McGillin,0.2465
2024-11,Selena Gomez,0.21216666666666667
2024-11,Iyaz,0.18923333333333334
2024-11,Avril Lavigne,0.17413333333333333
2024-11,アトラスサウンドチーム,0.17346666666666666
2024-11,5 Seconds of Summer,0.16816666666666666
2024-11,Cashcash,0.13621666666666668
2024-11,Duc de Japan,0.12305
2024-11,初星学園,0.12123333333333333
2024-11,稲葉曇,0.11661666666666666
2024-11,Capcom Sound Team,0.11608333333333334
2024-11,UtataP,0.09528333333333333
2024-11,TxFx Astaror,0.0931
2024-11,emon(Tes.),0.08675
2024-11,ryo (supercell),0.06541666666666666
2024-11,Hachioji P,0.048
2024-11,syudou,0.040516666666666666
2024-11,cosMo@Bousou-P,0.03448333333333333
2024-11,SIEサウンドチーム,0.029866666666666666
2024-11,Hatsune Miku,0.02595
2024-11,DECO*27,0.024516666666666666
2024-11,Imagine Dragons,0.024516666666666666
2024-11,Yuzo Koshiro,0.0
2024-11,遠藤正明,0.0
