Artist,Percentage_Listened
"""Joseph And The Amazing Technicolor Dreamcoat"" 1992 Canadian Cast",0.00010897495524884048
"""Les Misérables Original London Cast"" Ensemble",0.012528236171700872
"""Weird Al"" Yankovic",0.04827393435157758
'Legally Blonde' Ensemble,0.23409234743253104
'Legally Blonde' Greek Chorus,0.08731235717661938
'Little Women' Original Broadway Cast,0.00026582933232509705
'Something Rotten' Ensemble,0.002625890663684959
*NSYNC,0.05511576461375119
10 String Symphony,0.003368195598215092
2 Chainz,0.026122398115779898
2021 London Cast of Cabaret,0.00010184521083628338
21 Savage,1.8548928552994124e-05
25th Annual Putnam County Spelling Bee Original Cast,0.009839800839551285
25時、ナイトコードで。,0.018578027184661634
2CELLOS,0.11951219580198436
2Pac,0.00011303253336980795
3 Doors Down,0.018233364905986312
32ki,0.03569689131162164
3OH!3,2.2026852656680523e-05
3年E組うた担(渚&茅野&業&磯貝&前原),0.0001991691203377744
4 Non Blondes,5.564678565898237e-05
4*TOWN (From Disney and Pixar’s Turning Red),0.0026909858098256223
40mP,0.0004339869627383344
5 Seconds of Summer,0.0022402468459878653
600 Ent.,0.014262387095200637
8-Bit Arcade,0.005455703610649397
90´s or 20´s cartoons,0.011014643601776552
99 Souls,0.004969779647962679
9Lana,0.01801518313388172
9infidell,0.0011009368750219295
A Chorus Line Ensemble (2006),8.89768916526437e-05
A Day To Remember,0.01143077722078263
A Dreaming Machine,0.012404595969814821
A$AP Rocky,1.1593080345621328e-07
A-Trak,0.002099622781395479
ABBA,0.08537260297319002
ACN Music.,0.00044882610558072964
AFROJACK,0.10721958898830823
AJ Michalka,0.011728719385665097
AKB48,0.030715634514116796
ALICESOFT,0.004388560564834954
ASIAN KUNG-FU GENERATION,0.0015017676279717868
ATLUS GAME MUSIC,0.15811089308951673
AURORA,0.011372290130438969
AVTechNO!,0.00019511154221680697
Aaliyah Rose,0.0007712296699924588
Aaron Daniel Jacob,0.02257561111484051
Aaron Fraser-Nash,0.0001755192364327069
Aaron Grubb,0.003183691724514529
Abreu Project,0.006980135710696873
Academy of St. Martin in the Fields,0.006689323290226963
Adam Dannheisser,8.387593630057031e-05
Adam Hicks,0.043444373010395186
Adam Jacobs,4.45174285271859e-05
Adam Kantor,9.981642177579964e-05
Adam Lambert,0.4490755307043658
Adam Levine,0.02466810415182343
Adam Pascal,0.01167776779754609
Adam Schlesinger,0.12374639450201735
Adassa,0.012615763928310313
Adele,0.3756909843241724
Ado,0.1993897946221533
Adriana Figueroa,8.283255906946438e-05
Adventure Time,0.13398580882108221
Aerosmith,3.953240397856873e-05
After the Rain,0.034708755108362604
Aidan Veney,0.0007092646555451128
Aiden DX,0.6542006540351049
Aimie Atkinson,0.06993004029880513
Aja,0.023310554443351172
Akbar V,0.013755711518695257
Akiko Shikata,0.0007187130160267942
Akon,0.02366089733139585
Aladdin Original Broadway Cast,0.023885803090100903
Alan Walker,6.051587940414333e-05
Alarm Clock Sounds,0.00014711618958593463
Alarm Clock Tones,0.00014711618958593463
Alaska Thunderfuck,0.14915506462631906
Alec Benjamin,0.004329319924268829
Alessia Cara,0.008355306901294475
Alex Boniello,0.0008615397658848491
Alex Brightman,0.0007886192905108908
Alex Lacamoire,0.12314720614435393
Alex Newell,0.0004212345743581509
Alex Suarez,0.014011338940316208
Alex Warren,0.008792192134119215
Alexander Bello,6.874696644953448e-05
Alexander Lewis,0.002410143438452946
Alexandra Stan,0.06351698011321433
Alexis Michelle,0.023310554443351172
Alice Lee,0.099152891822218
Alicia Kaori,0.008381913020687677
Alicia Keys,0.07463567161109283
Alisan Porter,0.02025618353009205
All Time Low,0.020433209866969688
Allday,0.00320357385730727
Alok,8.654234478006321e-05
Alphaville,0.003229948115093558
Alstroemeria Records,0.018515656412402194
Alvino,8.03400467951558e-05
Alx Luke,5.5183062445157515e-05
Aly & AJ,0.07342187609890627
Alyson Stoner,0.02358432503571302
AmaLee,0.00017227317393593293
Amanda Bynes,0.0129774680350937
Amanda Jones,0.02548698138203639
Amanda Lepore,0.0
Amanda Seyfried,0.0036596456381040123
Amber Efe,0.024000690516326008
Amelia Day,0.011599630436016604
Amy Adams,0.08220890931227169
Amy B,0.01214102728815712
Amy Hill,0.0011857402577501496
Amy Lee,0.0038954488923339504
Amy Macdonald,3.953240397856873e-05
Amy Winehouse,0.02753797119138199
AnAverageJames,6.306635708018002e-05
Ana Isabelle,0.010334071820086851
Ana Tijoux,9.825135592914075e-05
Anamanaguchi,0.0556406413263992
Anarbor,0.0011438312723007283
Anastasia Company,6.921068966335932e-05
Anderson .Paak,0.009997930455465561
Andra Day,7.802143072603153e-05
Andrea Burns,0.027953583121772516
Andrea Storm Kaden,0.03352956494100773
Andrew Barret Cox,0.00890348570543718
Andrew Burnap,0.0001290889496484935
Andrew Gold,0.00878958369104145
Andrew Lloyd Webber,0.024563650497909383
Andrew Rannells,0.0751835605882269
Andrew Skeet,0.00039839620607727696
Andrew Underberg,0.0022336967555925892
André Ward,0.06628853783144202
Andréa Burns,0.010334071820086851
Andrés du Bouchet,0.004637000276641619
Andy Angel,0.04182139972740993
Andy Daly,0.004637000276641619
Andy Nyman,0.01544406977482982
Angela Cartwright,0.00025962703434018967
Angelica Cox,0.0001466524663721098
Anika Larsen,0.06628853783144202
Anika Noni Rose,0.008484221954737785
Animaniacs,0.004454409261198083
Anime Arcade Piano,0.0005390782360713917
Anly,0.00033915556551115196
Ann Harada,0.03867579127183077
Anna Bates,0.0003596753177229017
Anna Kendrick,0.07001171354984004
Anna Tsuchiya,1.727368971497578e-05
Annaleigh Ashford,1.03089600487502
Anne Hathaway,0.028278595129262007
Anne-Marie,0.012276898189807803
Annelise Cepero,0.010334071820086851
Annie Lennox,0.02559427534063512
Annie Murphy,0.010617870426947661
Anthony Crivello,0.0013651431760986394
Anthony Gonzalez,9.274464276497062e-05
Anthony Lo Re,0.010611378301954114
Anthony Lofton,0.015507715785927282
Anthony Pyatt,0.00023418022298155082
Anthony Ramos,0.17794091498610373
Anthony Rapp,0.011776656772894242
Anthony Sprunk,0.04780806641788879
Antonio Vivaldi,0.00021516757121473187
Anyma & Chris Avantgarde,0.010795476417842582
Aparna Nancherla,0.003591884083483856
Apple Jack,0.004633116594725836
Applebloom,0.00023673070065758752
Aqua,0.05852598512821916
Aqua Timez,3.6518203088707184e-06
Arcade Player,0.004046564694639125
Arctic Monkeys,0.0003834990978331535
Aretha Franklin,0.06389717518314897
Ari Afsar,0.08427468029905795
Ariana DeBose,0.020185407774582033
Ariana Grande,0.8854229605318721
Armand Van Helden,0.002099622781395479
AronChupa,0.0004966475620064177
Aru Hirose,8.775961821635345e-05
Asa,7.41957142119765e-05
AsapSCIENCE,0.002736198823173546
Ash Costello,0.012782646319885533
Ashley Jana,2.6953911803569586e-05
Ashley Kutcher,0.009462793866711682
Ashley Lilley,0.002335252139420232
Ashley Park,0.04893323283083306
Ashley Tisdale,0.010999630562728973
Ashnikko,0.0384333219964021
Assassin's Creed,0.0014131964941312399
Auden Durant,0.028151419037870544
Audien,0.0004212345743581509
Audioable Noise,0.010317841507602982
Audra McDonald,0.00015343441837429827
Audrey Bennett,0.0010288279152721647
August Alsina,0.00010138148762245852
Auli'i Cravalho,0.002181991617251118
Aun J-Classic Orchestra,6.828324323570962e-05
Auplaudios,0.009323387075555585
AurorA,0.005996926566584728
Ava Acres,0.03910931451135528
Ava Max,0.1760482286888776
Avian Invasion,0.01653399322352341
Avicii,0.07019094257198334
Avraham Fried,0.0003714422942737074
Avril Lavigne,0.24616370030781093
Aya,8.03400467951558e-05
Aya Hirano,0.22671230841531193
Ayana,0.0005156022483715086
Ayesha Erotica,0.011150862295837602
Ayumi Hamasaki,0.0006393004156592881
Azari,0.00016815763041323737
Aziz Ansari,0.027290111133592608
B.o.B,0.06627706068189985
BBVB,0.011129357131796474
BEAT CRUSADERS,0.00012364020188605147
BEAT MARIO,9.767170191185968e-05
BIA,0.013755711518695257
BICEP,8.21369742487271e-05
BOYS LIKE GIRLS,1.3447973200920742e-05
BRAVO,0.0004253501178808465
BT,0.016048938741862615
BTS,0.032259427058341464
BUCK-TICK,6.55009039527605e-05
BUMP OF CHICKEN,0.0010623319174710103
BURNOUT SYNDROMES,0.00034692292934271823
Baasik,0.04426840916136195
Baby Tate,0.0022557815736509983
BabyTron,0.02364246433364631
Backstreet Boys,0.030767687444868637
"Bad Cop, Bad Cop",0.009993235257925585
Bailee Bonick,6.874696644953448e-05
Bakermat,0.00010630854676934757
Bandai Namco Game Music,0.00012984249987095888
Barenaked Ladies,9.146940392695228e-05
Barrett Wilbert Weed,0.2726609027111648
Basement Jaxx,7.048592850137767e-05
Basit,0.03529582869706487
Bastille,0.012809426335483917
Beach Bunny,0.0002543521827829319
Bear McCreary,0.0004426817729975504
Bebe Neuwirth,0.013852919497393295
Bebe Rexha,0.1040233187716187
Becky G,0.012064860750286389
Bee Gees,0.016746958109472472
Beetlejuice Original Broadway Cast Recording Ensemble,0.00027179976870309204
Bella Thorne,0.008971479121664249
Belle,0.0001187131427391624
Belle and Sebastian,0.006272262224793235
Ben Babbitt,0.012044398963476366
Ben Chappell,0.00021771804889076851
Ben Crawford,0.013478578933033182
Ben E. King,0.002461732645990961
Ben Fankhauser,0.00011129357131796475
Ben Platt,0.05510469322202112
Benjamin Schrader,0.037527496663596976
Benny Benack III,0.025614563231239954
Benson Boone,0.021003647385375985
Bentley Robles,0.0009031009589239013
Berliner Philharmoniker,0.00286465015340303
Bernadette Beck,0.0003127813077248634
Bernadette Peters,0.0025968499974191772
Bette Midler,0.0002713940108909953
Betty Booom,0.07446936887353489
Betty Buckley,0.016399339595309016
Beverly,0.00036106648736437623
Beyoncé,0.8603796463346627
Big McIntosh,0.00023673070065758752
Big Sean,0.04655149243922689
Big Time Rush,0.011560503789850131
BigXthaPlug,0.014262387095200637
Bikini Kill,0.001245792413940468
Bill Hader,0.0027959611523552235
Bill Medley,0.0007518112604135431
Billie Bust Up,0.037502339679246974
Billie Eilish,0.17989463885134957
Billy Eichner,0.0008952756296906071
Billy Joel,0.010832168517136472
Billy Magnussen,0.00012248089385148933
Billy Ray Cyrus,0.024859737769936552
Bing Crosby,0.012515599714124146
Bingo Players,0.008938612738884412
Binoy,0.0021396768739896004
Bitmaster,0.02599220782349857
Bits & Noise,0.01939058618608623
Björn Skifs,7.292047537395816e-05
Black Eyed Peas,0.15010372639100128
Black Gryph0n,0.0564210295298647
Blaine McGurty,0.007218489442602848
Blake Michael,0.005318731366365881
Blake Roman,0.0022336967555925892
Bleachers,9.825135592914075e-05
Blonde Redhead,4.3242189689167555e-05
Blorg,0.000323968630258388
Blue Franklin,0.0037568536168020475
Blue Swede,7.292047537395816e-05
Blue Öyster Cult,0.0005173412104233517
Blur,0.0007409717302903872
Bo Burnham,0.005669422046820926
Bob Baldwin,0.007161103694892022
Bob Kulick,0.017382896531831532
Bob the Drag Queen,0.4347575547889079
Bob's Burgers,0.5487033910283439
Bobby Fabulous,0.005155037071885708
Bobby Rydell,3.211283255737108e-05
Bobby Tisdale,0.008658118159922104
Bon Iver,0.020182741366102538
Bon Jovi,0.01495733429651891
Boney M.,0.0005122982204730065
Bonnie Tyler,0.09343338766830399
Booboo Stewart,7.013813609100904e-06
Borgeous,0.00018548928552994124
Bowling For Soup,0.03627903784117702
Boyish,0.0013923289495091215
Brad Garrett,0.03674554339428482
Brad Oscar,0.0003344024025694472
Bradley Cooper,0.01961317332872216
Brainbox,0.010897495524884048
Brandeis VoiceMale,0.00035984921392808605
Brandi Carlile,0.011908586027227414
Brandy,0.06152754956050397
Braxton Burks,0.013261788330570061
Breaking Benjamin,0.0004413485687578039
Brendan Maclean,0.015647412404092016
Brendon Urie,0.03315609385767354
Brenton Kossak,0.007218489442602848
Brian D'Arcy James,0.03842027978101327
Brian David Gilbert,0.012614836481882663
Brian Huskey,0.013008305628813051
Brian Johnson,0.030930802085331527
Brian Sears,0.037527496663596976
Brianna Mazzola,0.01901954964962462
Bridgit Mendler,0.05716530528805359
Brie Larson,0.014363246894207544
Briga Heelen,0.03718938447531693
Bring It On: The Musical - Original Broadway Cast,0.000537629101028189
Bring Me The Horizon,5.564678565898237e-05
Brit Smith,0.07973100431919859
Britney Manson,0.0037134375309076954
Britney Spears,1.3494030190517825
Brittany Murphy,0.00015952078555574945
Brittany Snow,0.08401314040646074
Broken Iris,0.00019441595739606968
Brooke Lynn Hytes,0.00035260353871207267
Brooksie,0.0002398608323509053
Brothers Osborne,0.0006059123442638986
Bruno Mars,0.2503512948248546
Bryce Pinkham,7.663026108455699e-05
Bryson Tiller,0.0003227513568220978
Budapest Festival Orchestra,0.00014960870186024323
Buddy Holly,0.00748449267113313
Buffalo Springfield,5.437154682096403e-05
Burl Moseley,0.018253131107975596
Busta Rhymes,0.02289094290024141
Button Masher,0.015193833135569585
Bye Bye Birdie Ensemble,3.211283255737108e-05
C418,0.026094806584557317
CG5,0.0016164231925899818
CHAD,0.03652799924159923
CHERRYBLOSSOM,0.00015331848757084204
CYRIL,0.027630599903343503
Cage The Elephant,7.042796309964957e-05
Cahill,0.001083257427494857
Caitlin Kinnunen,0.00012816150322084377
Cake The Musical,0.00026211954661449824
Cakes da Killa,0.00012514730233098223
Caleb Hyles,9.274464276497062e-05
Calpernia,0.0007657809222300167
Calvin Harris,0.03670554726709242
Camellia,5.651626668490398e-05
Camelot on Broadway Company,0.0001290889496484935
Cameron Boyce,7.013813609100904e-06
Cameron Diaz,0.0014932467139177551
Camila Cabello,0.10143806185454515
Camila Mendes,0.0003127813077248634
Candace,0.09368617478524026
Capcom Sound Team,0.3446506276295747
Capital Cities,6.921068966335932e-05
Caramella Girls,0.011794336220421316
Caravan Palace,0.010541124235059648
Cardi B,0.04263274145539824
Carl Douglas,0.0008985796575891091
Carlos Baute,0.0002794512017312021
Carly Rae Jepsen,0.07584378651391002
Carly Simon,0.01246858977332265
Carmen Twillie,0.030885531106581876
Carolina Gaitán,0.012527482621478406
Carolina Gaitán - La Gaita,8.82813068319064e-05
Caroline O'Connor,6.921068966335932e-05
Caroline Polachek,4.816924883605662e-05
Carpenters,0.030001616695629976
Carrie Underwood,0.011961218611996532
Carsie Blanton,0.005372523259169564
Carter Burwell,0.00254381165483796
Cascada,0.02996851845124323
Cashcash,0.0004737512283238156
Cashmere Cat,0.00022751420178281854
Cass Elliot,0.012529917168350987
Cast - Tangled,0.014355595461179434
Cast - The Little Mermaid,5.755964391600989e-05
Cast Of The Motion Picture Rent,0.00019470578440471023
Cast of Frozen 2,0.0009558494744964785
Cast of High School Musical: The Musical: The Series,0.001996908089533274
Cast of Mean Girls,0.0004357259247901776
Catbreath?,0.0005607572963177036
Catherine Zeta-Jones,0.02566319620328984
Celica Gray,3.651820308870718e-05
Cement City,0.00014131964941312396
Central Cee,0.003162360456678586
Chaka Khan,0.01249490606570721
Chappell Roan,1.0893345202120315
Charles Manson,0.0022794314575560653
Charli xcx,0.48900667868142217
Charlie Hodson-Prior,0.004039203088619655
Charlie Puth,0.06128710907413579
Charlie Rosen,0.020250444955320968
Charlie Xile,0.00013476955901784793
Charmian Carr,0.00025962703434018967
Cheech Manohar,0.021430156811291394
Cheech Marin,0.012764735010751548
Cher,0.014579283946448198
Cher Lloyd,0.008832941811534075
Cherie Lily,0.0026136599639203285
Cheryl Freeman,0.04081720710787221
Cheryl Hole,0.0002113998201024049
Chevy,0.0039905701165697735
Cheyenne Jackson,0.06828880791427551
Chi-Chi,3.535889505414505e-05
Chiaki Ishikawa,0.0005280068443413234
Chicken Mob,0.00028014678655193935
Childish Gambino,0.034646210439897976
China Anne McClain,0.027985464092722977
Chinozo,0.05145194546672276
Chippy Bits,0.00047108481984432267
Chorus - Beauty And the Beast,0.000944720117364682
Chorus - Hercules,0.03246885605478511
Chorus - Mulan,0.01276160487905823
ChouCho,9.888897534814992e-05
Chouchou-P,0.0009731231642114543
Chris Allison,0.018110362323519272
Chris Brown,0.05714519129365393
Chris Kaiga,0.00011535114943893222
Chris Maxwell,0.013839587454995828
Chris Parnell,0.0030366335003303227
Chris Pine,0.00012248089385148933
Christian Borle,0.0955710357532331
Christina Aguilera,0.6355981074855123
Christina Modestou,0.056846611509352454
Christina Perri,0.00020722631117798122
Christine Baranski,0.024803801157268927
Christine Lavin,0.013050968164484937
Christine and the Queens,4.816924883605662e-05
Christopher Fitzgerald,4.45174285271859e-05
Christopher Jackson,0.1718278257544559
Christopher Tyng,0.029806968876626996
Chuck Smith,0.0016163652271882537
Ciara,0.0019401599612414574
Cidergirl,0.014665246637210978
CircusP,0.12109523092317895
Citizen Queen,0.00023817983570079016
Claire Rosinkranz,4.695197539976638e-05
Clairo,0.00019777795069629984
ClariS,0.10659698260834663
Clark Johnsen,0.037527496663596976
Clay Aiken,0.007143772039775318
Clean Bandit,0.13918704431814521
Cleo Laine,0.09181232724357576
Cleve Asbury,0.024803801157268927
Club Eat,0.00017308468956012642
Coa White,0.0020236301397299305
Cobra Starship,0.07798850637784997
Coi Leray,0.0001695488000547119
Colbie Caillat,0.026870615521286296
Colby O'Donis,0.05650490546616527
Coldplay,0.03734664461020529
Cole Thompson,0.03592063776229213
Colin Dean,0.004209911196708929
Colm Wilkinson,0.0004717224392633318
Colter Wall,0.0003230411838307383
Commodores,8.746979120771291e-05
Company,0.02699384996536025
Conan Gray,0.03508750104325405
Conrad McLaren,0.0002411360711889236
Cook,0.008638641784941462
Coolio,0.013951866438143171
Corbin Bleu,0.01221325217871034
Corinne Bailey Rae,0.012483428916165044
Cossbysweater,0.006150129123352114
Count Basie,0.021740851364554045
Counting Crows,2.5736638367279348e-05
Country Joe & The Fish,0.013107890188981938
Courtney Act,0.00897020388282623
Courtney-Mae Briggs,0.01544406977482982
Coyote Theory,0.00040523612348119354
Crablooshi,0.0029525836678245677
Crafting Audio,0.009042602669584636
Crazy Ex-Girlfriend Cast,2.599551011243502
Crazy Frog,0.0008196307804354278
Creepy Nuts,0.009746012819555208
Cristina Vee,0.08503582398914973
Cristy Candler,0.02347007522890692
"Crosby, Stills & Nash",0.0156372684587896
Crusher-P,0.00014218913043904558
Crystal Castles,0.0003278523121741712
Crystal Kay,0.00043769674844893326
Crystal Waters,0.029559978299863534
Culture Club,0.0005703795530045693
Cupid,0.015691060351593282
Curtis Holbrook,0.08065404537631696
Cyndi Lauper,0.061619656583849935
Cyndi Wang,0.015714188546882796
Cynthia Erivo,0.06478172721351988
Cyprien Katsaris,0.00025099018948270175
Czech Symphony Orchestra,0.0010794317109808018
Cécile Corbel,0.0001021350378449239
Céline Dion,0.04434590890347243
D'Mixmasters,9.888897534814992e-05
D.O.E.,0.00011036612489031503
D.S. Ereki,8.619455236969458e-05
D12,0.016621173187722483
DANDARA,0.0008569025337466004
DEAN FUJIOKA,0.001062621744479651
DECO*27,0.10698749551978888
DEQUAR,0.3616723417432384
DEV,0.0200611879186787
DINKS,0.0002448458568995224
DJ Cassidy,0.0004212345743581509
DJ Khaled,0.058779873587788266
DJ Mitch Ferrino,0.10225282354123541
DJ Snake,0.030817653621158264
DJ White Shadow,0.0016235529370025388
DNA,0.0026307017920283917
DNCE,5.0661761110365205e-05
DOES,8.03400467951558e-05
DONT MAKE THIS WEIRD,0.0005437154682096403
DPZ,0.009244322267598448
DVBBS,0.00018548928552994124
Da Brat,0.0003029271894310853
Da Vinci's Notebook,0.0003960196246064246
DaBaby,0.10432097110949254
Daa San,0.0018751807459042498
Daddy Yankee,0.0273796097138608
Daft Punk,0.030417518453029143
Dai,0.9521464127724801
Dai Klan (Megumi Toyoguchi) x Shou Klan (Megumi Toyoguchi),0.0002076900343918061
Daiki Okuno,0.04268717096762093
Daily Bread,0.006555191350628124
Daily Calm,0.012219338545891792
Daisuke,0.0005502075932031882
Daisy,0.008818160634093408
DaizyStripper,0.001497478188243907
Dakin Matthews,0.0001290889496484935
Dale North & Mustin,0.015507715785927282
Dan DeSimone,0.010638332213757682
Dan Gregor,0.016951402081367507
Dan Mintz,0.2585674847620016
Dan Redfeld & Elizabeth Hedman,0.0002812481291847734
Dan Salvato,0.0007631145137505239
Dancing Dolls,0.00015610082685379116
Daniel Caesar,0.00010480144632441681
Daniel Cooney,0.0015114478500603806
Daniel Huttlestone,0.027164731969654708
Daniel Kahn,0.011700374304220053
Daniel Ruffing,0.0
Daniel Torres,0.03145909875668149
Danny Jacob,0.0038982891970186276
Danny Jolles,0.017013309130413126
Danny Rutigliano,8.387593630057031e-05
Danny Skinner,0.011327946598116968
Daoko,0.00040749677414858966
Dara Reneé,0.00023418022298155082
Darren Criss,0.08643696367972152
Darrison,8.474541732649192e-05
Daryl Hall & John Oates,0.022786315350122176
Dasha,0.011275198082544392
Dashboard Confessional,0.011735675233872471
Datchery,4.167712384250868e-05
Dave Herman,0.02522949906756014
Dave Matthews Band,0.011908586027227414
Dave Stewart,0.02559427534063512
Daveed Diggs,0.2992229683990524
David Bowie,0.042047812586559916
David Depino,0.018900720576082004
David Glen Eisley,0.017382896531831532
David Guetta,0.4189673736003595
David Hull,0.01137321757686662
David Ian Xtravaganza,0.018900720576082004
David Munster,0.02022279545869666
David Russell,0.0005574532684192015
David Schultz,0.008265692390222823
David Wain,0.05839480942410845
David Wise,0.011435298522117422
Daya,0.022888044630155004
Debbie Kurup,0.0039665144748526095
Debbie Turner,0.00025962703434018967
Decisions,0.0003239106648566599
Deedee Magno Hall,0.06891042888240774
Deee-Lite,6.306635708018002e-05
Deepnoum,0.011535114943893221
Deidre Goodwin,0.045919379733381886
Delta Nus,0.08693790068145581
Dem Jointz,0.012621212676072755
Demi Lovato,0.5893965521765179
Denise Faye,0.02566319620328984
Depeche Mode,0.010795476417842582
Dequina Moore,0.33732275747391094
Derek Hough,0.01438788218994199
Destiny's Child,0.2028850503809564
Detox,0.044649589643125986
Diana Ross,0.031404727209860525
Diane Guerrero,0.023016264098777574
Dick Van Dyke,0.007237560059771395
Dido,0.023442715559291255
Dinosaur Jr.,0.006318460649970537
Dios/signalP,0.03835008367952054
Diplo,0.0014562647876152231
Disney,0.35270457240728476
Divinyls,0.0012288085512341326
Dixie Flatline,0.10072178338539092
Dj Cutman,0.026005192073485665
Dj Rehan,0.000308202040988343
Djo,0.0004434353232200158
Do As Infinity,0.00028310302204007283
Doechii,0.0046245377152700756
Doja Cat,0.2357726484978254
Dolly Parton,0.05365057315426983
Dolly Parton & Family,9.767170191185968e-05
Dominic Cooper,0.0013243934986837806
Dominic Fike,0.009929937039238492
Don Omar,6.097960261796818e-05
Donald,0.008818160634093408
Donald Glover,0.006581855435423053
Donna Lynne Champlin,0.37592226627706754
Donna Murphy,0.017234273241800668
Donny Osmond,0.01287057983430707
Donovan Colan,6.874696644953448e-05
Dopamine,0.00014091389160102722
Doubutsu Biscuits,0.00015082597529653347
Douglas Robb,0.022341430891858957
Dove Cameron,0.01310841187759749
Dovid Lowy,0.000786010847433126
Dovid Pearlman,0.0025559264237991343
Dr. Doofenshmirtz,0.011220478743313058
Dr. Dre,0.00011303253336980795
Dr. Luke,0.12960802982096867
Drake,0.11979558865103306
Drake Bell,0.0006911794502059436
Dream Machine,0.12960802982096867
Dreams Made,0.010697572854323809
Drew Gehling,0.00018033036477613974
Drowning Pool,0.011706692533008416
Dua Lipa,0.4070528171367541
Duane Chase,0.00025962703434018967
Duc de Japan,0.0004279585609586113
Duck Sauce,0.002099622781395479
Dunw3ll,0.0014740022005440237
Duolingo,0.00038332520162796916
Dusty Springfield,0.0003820499627899509
Dylan Playfair,0.011055161417584497
E.L.V.N,8.526710594204487e-05
EGOIST,0.00018548928552994124
ESTA.,2.5156984349998282e-05
"Earth, Wind & Fire",0.0033154470826425152
EasyPop,0.0038585828968348748
Eban Schletter,0.0004241328444445563
Eclair,0.0014042698222651113
Ed Sheeran,0.013615841004325335
Edamame Music Factory,0.0008964929031268972
Eddie Pepitone,0.006005679342245673
Eden Espinosa,0.030474150650517503
Edison Lighthouse,0.00023881745511979935
Edward Sanders,4.573470196347614e-05
Edwin Drood Original Broadway Cast,0.06459009359540677
Eiffel 65,0.010193215893887553
Eiko Shimamiya,0.25294976785352213
EileMonty,5.929860596785309e-05
Einar Selvik,0.0014131964941312399
Eir Aoi,0.02184773956534067
Ekaterina Chtchelkanova,0.02566319620328984
Elayne Boosler,0.004354476908618827
Electric Light Orchestra,0.06796246270254627
Elevated Noise,0.010085979900690555
Elijah Kelley,0.026508563622092543
Elizabeth Gillies,0.04798746933623728
Elizabeth Mitchell,0.001741106771707139
Elizabeth Molyneux,0.0034139882655802966
Ella Eyre,8.654234478006321e-05
Ella Fitzgerald,0.021740851364554045
Elle King,0.024366684062837277
Elle McLemore,0.09953337671916129
Ellie Goulding,0.16407785154340804
Ellis Miah,0.0002987536805066616
Elohim,0.00014462367731162606
Elsie Lovelock,0.00041775665025446456
Elton John,0.06345089955524427
Em Beihold,0.000218529564514962
Emdasche,0.00016149160921450509
Emily Blunt,0.010886655994760892
Emily Goldstein,0.0001466524663721098
Emily Osment,0.00024159979440274845
Emily Skeggs,0.015181138712591129
Eminem,0.6069392593209139
Emma Pfaeffle,0.013478578933033182
Emmy Rossum,0.014397214619620215
Encanto - Cast,0.025675542833857923
Endigo,0.00020455990269848832
Ensemble - Tangled,0.03674554339428482
Ensemble - The Lion King,0.011987245077372453
Ephraim Sykes,0.025231295995013715
Eric Anderson,0.017929916027939675
Eric Bradley,0.0017228476701627857
Eric Michael Roy,0.014631394842601765
Erik Lenfair,1.4781177440667192e-05
Erika Henningsen,0.3522672234512462
Erika Jayne,0.00014711618958593463
Ernie Sabella,0.017313048222749164
Erykah Badu,0.00043775471385066136
Estelle,0.10276146994139955
Ester Dean,0.0372144834942652
Esther Povitsky,0.018513685588743434
Ethan Slater,0.011327946598116968
Euaxations,0.00793662280461236
Eugene Mirman,0.2647820134466736
Eurythmics,0.02559427534063512
Evanescence,0.03705270205804206
Eve,0.0225628007610586
Every Little Thing,0.00016566511813892877
Everywhere Brown Noise,0.012636457576727246
Ez Mil,0.01361242104562338
FIELD OF VIEW,0.00039567183219605594
FINNEAS,4.816924883605662e-05
FLAVA,0.00014960870186024323
FLO,0.008731792185518528
FLOW,0.00038344113243142546
FULLJOS,0.0005267895709050332
Fabricants,0.010293843831287544
Falk Au Yeong,0.00024235334462521387
Fall Out Boy,0.04960012477771493
Falling In Reverse,0.012002547943428674
Fandroid!,9.274464276497062e-05
Far East Movement,0.02899980065756311
FarmerJohn,0.0005895081355748445
Faylan,0.05689136079948655
Fedde Le Grand,0.0025956906893846153
Feist,0.04685459352486316
Fergie,0.04364215096109149
Fifth Harmony,0.08685958942372114
Finatticz,0.00033782236127140547
Finneas O'Connell,0.0026909858098256223
FiolTune,0.03817844812500361
Fitz and The Tantrums,0.010350186201767265
Fleetwood Mac,0.01504793421941994
Flexstyle,0.03255905021987404
Flo Rida,0.1904590072125022
Florence + The Machine,0.0003646603422715189
Florian Christl,0.00021516757121473187
Flume,0.013522516707543085
Fluttershy,0.004396385894068248
Flying Fingers,0.049379160666327394
FoZZtone,0.00027695868945689354
Focus Noise,0.010896336216849486
Foster The People,0.03602248297312841
Fountains Of Wayne,0.011476338026540921
Foxes,0.011811378048529378
Fozzie,0.031413364054718014
Frances Forever,3.58226182679699e-05
Frances Ruffelle,0.023597077424093203
Franco Albertini,0.006738477950892397
Frank Ciampi,0.010279120619248606
Frank Sinatra,3.831513054227849e-05
Frankie Cosmos,8.207900884699899e-05
Frankie Valli & The Four Seasons,0.00016554918733547257
Franz Ferdinand,0.012462561371542929
Fred Armisen,0.00928431839479084
Fred Lassen,0.002855375689126533
French Montana,0.014526651361679077
Freshlyground,0.012253654063714833
Friedmann Riehle,0.00057617609317738
Friedrich Habetler,2.8229150641587932e-05
Frock Destroyers,0.008800597117369791
Frou Frou,0.0009986859063735492
Fugees,0.0003521977808999759
Funny Deluxe Tunes,3.002607809515924e-05
Future,0.0002885517698025149
G Herbo,0.0005910732014215034
GLAY,0.00016015840497475865
GMB Sound Team,6.799341622706908e-05
GOING UNDER GROUND,9.767170191185968e-05
GUMI,0.05101506023389801
Gabe Nekrutman,0.018110362323519272
Gabriella,0.02340706683722847
Gabrielle Ruiz,0.17991005764820928
Gabry Ponte,0.010193215893887553
Gammer,0.00019783591609802797
Garfunkel and Oates,0.037861841100764695
Garrett Clayton,0.025837614097089713
Gary Jules,3.1127420727993265e-05
Gaten Matarazzo,0.19023189876853147
Gavin Creel,0.012021792456802405
Geek Music,0.00307222425699138
Gen Hoshino,9.552698204791974e-05
Genesis Lynea,0.015353701713535702
George Ezra,8.062987380379633e-05
George Lopez,0.01942345256886607
George Michael,0.02382406993726047
George N. Martin,0.03647368566018
George Rose,0.045359086160278006
Georges Bizet,0.00015331848757084204
Gerald White,0.0017228476701627857
Gerard Butler,0.005439647194370712
Getter Jaani,5.5183062445157515e-05
Gia Gunn,6.324025328536435e-05
Gideon Glick,0.030930802085331527
Giga,0.15086921748622265
Gigamesh,0.03647107721710223
Gigi Perez,0.012371439760026342
Giles Palmer,0.012142128630789954
Ginger Fox,0.029382720101378986
Girls Aloud,0.043470689302779746
Glass Animals,0.03814674105025834
Glee Cast,1.1291904870630465
Glenn Callin,0.0016020477729614113
Gloria Estefan,0.00255053564143842
Gloria Gaynor,0.05550198808546556
Glutamine,0.0014042698222651113
Gnarls Barkley,8.207900884699899e-05
Goldfinger,0.003776851680398244
Good Charlotte,0.0032571918539057686
Goofy,0.008818160634093408
GoonRock,0.11609090389578632
Goose house,0.0015135925699243206
Goreshit,0.0009179401017662968
Gorillaz,0.02310367592458356
Gotye,0.014199958357539469
Grace Kelly,0.02875136094575645
Grace Phipps,0.07947102949244803
Grace Rolek,0.008102809611366843
Gracie Abrams,0.019845150866438045
Granny Smith,0.00023673070065758752
Grant Brett,0.008725068198918067
Grateful Dead,0.0029267890640555607
Grayson Villanueva,0.0026909858098256223
Green Day,0.0476039122730024
Greg Whipple,0.0017228476701627857
Gregorian,0.00010381603449503898
Grey,8.526710594204487e-05
Grey Henson,0.11123728691288676
Grey Sample Library,0.007477536822925757
Griff,0.0062065294592335615
GroovyDominoes52,2.8403046846772252e-05
Grupo Firme,0.00010016421418616827
Gunna,0.00021748618728385612
Guns N' Roses,7.292047537395816e-05
Gustavo Santaolalla,0.0
Guy Lombardo,0.017772887754658233
Gwen Stefani,0.028386178914869376
Gwen Verdon,0.008729937292663229
Gwyneth Paltrow,0.013296625537008652
Gym Class Heroes,0.02466810415182343
H. Jon Benjamin,0.30147764863007054
HALCALI,0.0002905805588629986
HEARTS GROW,0.00015702827328144088
HE★VENS,0.01676179725231487
HOYO-MiX,0.0039905701165697735
HYDE,0.029856935052916624
Hachioji P,0.031271986439903164
Haddaway,0.00147840757107536
Hailee Steinfeld,0.04587799243654802
Hailey Kilgore,0.018006198496613862
Hairspray Ensemble,6.671817738905075e-05
Haley Reinhart,0.016031838948352823
Halle,6.544293855103239e-05
Halsey,0.04337574197474911
Hannah Montana,0.1335290414554647
Hannah Selk,0.0039665144748526095
Hans Zimmer,0.0034671425389649706
Hanumankind,0.009586202206990819
Happi,0.008731792185518528
Harry Gregson-Williams,0.0029072547236731884
Harry Styles,0.1686074998960492
Haruka Tomatsu,0.01677489743310542
Harumakigohan,8.207900884699899e-05
Harvey Danger,0.025187821943717634
Harvey Fierstein,0.03549447612878709
Hatsune Miku,0.4349009611927832
Hayley Kiyoko,0.03554148606958858
Hayley Moir,0.00890348570543718
Hayley Williams,0.04063705063930126
Hazel Fernandes,0.0003017678813965232
Hazers,3.361993300230185e-05
Heart,4.167712384250868e-05
Heather Menzies,0.00025962703434018967
Hedwig And The Angry Inch - Original Broadway Cast,0.015157083070873966
Helena Bonham Carter,0.026155670256371832
Helene,0.08524762956706422
Hello Sleepwalkers,6.051587940414333e-05
"Hello, Dolly! Ensemble (2017)",0.0002713940108909953
Henry Smith,0.01344797320092074
Herbert von Karajan,0.00015331848757084204
High School Musical Cast,0.10707624054983461
HiguUmiSound,0.05870915579767997
Hikaru Utada,0.04171891689715464
Hilary Duff,0.0
Hillel Kapnick,0.0001816635690158862
Hiro Kurosaki,0.00027469803878949736
Hiroaki Tommy Tominaga,0.0002646120588888068
Hiromi Iwasaki,0.00028066847516749235
Hironobu Kageyama,0.00024235334462521387
Hisao Noguchi,0.02684244433604644
Hitomi Takahashi,0.00023122398749341738
Hitoshizuku,0.0007543037726878516
Hitoshizuku and Yama,0.022920968978336568
HitoshizukuP,0.01141512656231604
Ho - Kago Tea Time,0.0002411360711889236
Hoku,0.024506728473412384
Holly Schlesinger,0.009436013851113296
Hommarju,0.0008853055805933726
HoneyWorks,0.00021760211808731234
Hoshimachi Suisei,0.00028066847516749235
Hot Chelle Rae,0.1295381815118863
Hot Freaks,0.0019766781643301644
Howard McGillin,0.0237878415611804
Howard Shelley,0.00023615104664030645
Hozier,0.07015297523385143
Hudson Mohawke,0.020688663392385453
Huey Lewis & The News,0.00014340640387533582
Hugh Jackman,0.00032889568940527706
Hum Humming,0.012578086417187044
Hunter Stiebel,0.002914036675675377
HuxP,0.0049954583209282305
Hyannis Sound,0.00031898360570977087
Hylen,0.00017186741612383618
Hynden Walch,0.022794314575560654
HzEdge(crystal P),0.00025968499974191777
IA,0.0008221812581114646
IKASAN,0.011807900124425692
INTI CREATES,0.17845141627912317
IOSYS,0.0001780697141087436
IVE,0.004956041847753118
Ian Abel,0.016385485864296
Ice,0.007436323422297072
Ice Spice,0.024888430643791964
Icona Pop,0.022391976722165866
Ida Corr,0.0025956906893846153
Idina Menzel,0.1528650242331231
Iggy Azalea,0.1367946382926211
Ika,0.0020675679142398355
Ike & Tina Turner,0.009910344733454392
Ikimonogakari,0.001345261043305899
Ilana Levine,4.202491625287731e-05
Ilana Peña,0.0071683493701080354
Ilda Mason,0.010334071820086851
Imagine Dragons,0.009796616615263848
Imelda Staunton,0.00935967341703738
Incubus,4.816924883605662e-05
Into the Woods Ensemble,0.01838865421721591
Invaders Of Nine,0.005264012027134548
Iron Butterfly,0.004101110137665273
Isabella,0.04102246259539143
Isabella Lovestory,0.00017308468956012642
Israel Kamakawiwo'ole,0.00010381603449503898
Ithaca College Ithacappella,0.00014711618958593463
Ivan Hernandez,0.03718938447531693
Iván Fischer,0.00014960870186024323
Iyaz,0.002402434040023108
Izuka Hoyle,0.021533914880384704
IzzyIzTrash,0.012218063307053773
J Fitz,0.013024651872100378
J Pee,0.009266349120255129
JADE,0.0009179401017662968
JAY-Z,0.04606637999216437
JENNIE,0.0004673170687319957
JID,0.012384076217603072
JO-POP,0.0007258427604393513
JOHANNA,0.018294460439407738
JT,0.013755711518695257
JT Music,0.03352956494100773
JUNE,0.00011993041617545265
JW Velly,0.000308202040988343
Jack Black,0.0002662930555389219
Jack Dolgen,0.05047111290408146
Jack Harlow,0.09206111474779279
Jack Johnson,4.3242189689167555e-05
Jack Mizrahi,0.0026136599639203285
Jack Powers,3.49531372420483e-05
Jack Sobolewski,6.874696644953448e-05
Jack Stauber's Micropop,4.3242189689167555e-05
Jackie Hoffman,0.0729259241217206
Jacque Lewarne,0.061848272128265595
Jadakiss,6.839917403916584e-06
Jake Giles,0.0017791900406425051
James Corden,0.027164731969654708
James Galway,0.0002411360711889236
James Marsden,0.06982477512926688
James Monroe Iglehart,0.023885803090100903
James Newton Howard,8.532507134377297e-05
James Patterson,0.012885708804158107
Jamie Denbo,0.04000412641783206
Jamie Fine,0.00012190123983420826
Jamie Foxx,0.028509181497336413
Jamie Jackson,0.14743714401530317
Jamila Velazquez,0.010334071820086851
Jan & Dean,0.0001883875556163466
Jan Neuberger,0.02347007522890692
Jana Schneider,0.03402221289029491
Jane Color,0.01037580690933109
Janelle Monáe,0.034661629236757655
Janet Dacal,0.027953583121772516
Jaquel Spivey,0.0011346147734259593
Jaroslava Horska,0.00015581099984515064
Jasmine Cephas-Jones,0.024572229377365144
Jason Derulo,0.040328848598312914
Jason Evigan,0.03602393210817162
Jason Howland,0.00026582933232509705
Jason Michael Snow,0.01758438426823843
Jason Mraz,0.010437655992974979
Jason Nevins,0.011605426976189414
Jason Segel,0.06750534754451844
Jason Weaver,0.023569022169656798
Jasper Randall,0.0017228476701627857
Jax Jones,0.0001273499875966503
Jay Sean,0.0009501688651271241
Jazmine Sullivan,0.03796264293436987
Jazz Raycole,0.017556908667819306
JbDubs,0.008453036568608062
Jeanine Tesori,0.015181138712591129
Jeff Goldblum,0.015466676281503784
Jeff Hiller,0.03718938447531693
Jeff Lewis,8.654234478006321e-05
Jeffrey Tambor,0.03674554339428482
Jelly Roll,0.02668715502481684
Jemaine Clement,0.011234042647317435
Jenna Boyd,0.01544406977482982
Jenna Davis,0.011418546521017998
Jennifer Ellison,4.45174285271859e-05
Jennifer Hudson,0.02152336517727019
Jennifer Laura Thompson,0.02940277613037691
Jennifer Lawrence,8.532507134377297e-05
Jennifer Lopez,0.06700116448028737
Jennifer Warnes,0.0007518112604135431
Jenny Lewis,7.790549992257532e-05
Jenny Slate,0.010211127203021537
Jeremih,0.00010138148762245852
Jeremy Irons,0.012764735010751548
Jeremy Jordan,0.042720443108212866
Jeremy Shada,0.0006071296177001889
Jeremy Zag,0.024490845953338877
Jeremy Zucker,0.010158610549055872
Jeremy Zuckerman,0.0020885513896654103
Jerome Dempsey,0.01058088850064513
Jerome Kurtenbach,0.005059336193632604
Jerry Martin,0.02628035383548899
Jesper Kyd,0.0014131964941312399
Jess Glynne,0.0544228462014934
Jesse Corti,0.000944720117364682
Jesse Eisenberg,0.01942345256886607
Jesse L. Martin,0.010592945304204576
Jesse Welles,0.007243008807533837
Jessica Darrow,0.011723270637902655
Jessica Keenan Wynn,0.099152891822218
Jessica Lee Goldyn,6.324025328536435e-05
Jessie J,0.23370919612710822
Jessie Mueller,0.11306134217446683
Jewel,0.0009120855961917579
Jewel Maiden,0.0171891761592562
Jhon Allan,0.0011054581763567217
Jie Liu,0.0006016229045360188
Jill Abramovitz,8.387593630057031e-05
Jillian Bell,0.0034139882655802966
Jim Bryant,0.017786509624064337
Jim Croce,6.671817738905075e-05
Jim Cummings,0.012764735010751548
Jim Dauterive,0.0016163652271882537
Jimin,0.00016282481345425155
Jimmy Eat World,0.005741125248758593
Jin,0.00017221520853420483
Jinkx Monsoon,0.009414914444884265
JoJo,0.012465633537834517
JoJo Siwa,0.13840138126312246
Joan Jett & the Blackhearts,0.02448389010513151
Joanna Jones,0.08491624136538464
Joaquin Phoenix,0.004095719355304559
Jodie Steele,0.003960775900081526
Joe Grifasi,0.00664347265746003
Joe Hisaishi,0.0031715769555533545
Joe Jonas,0.0676387259338948
Joe Nichols,0.000503371548606878
Joe Quincy,7.361606019469543e-05
Joel Corry,0.0001273499875966503
Joel Grey,8.03400467951558e-05
Joelapuss,0.00033834404988695847
Johannes Brahms,0.00014960870186024323
John Benjamin Hickey,0.0002035165254673824
John Bolton,6.921068966335932e-05
John Debney,0.004161394155462504
John DiMaggio,0.0006071296177001889
John Dossett,0.00027330686914802283
John Dylan Keith,0.023265109568396336
John Gallagher Jr.,0.030930802085331527
John Herrera,0.02962489954979901
John Legend,0.033254171317397496
John Lennon,0.002718809202655114
John Mayer,0.0055973130870711615
John Michael Higgins,0.006471779137541378
John Michael Howell,0.001993372200027859
John Paul White,0.00149799987685946
John Powell,0.0029801751990471467
John Q. Kubin,0.008126749322280552
John Rapson,0.07308132936375364
John Roberts,0.3024835802116601
John Tartaglia,0.03867579127183077
John Travolta,0.026632261789380322
John Vickery,0.011987245077372453
John Williams,0.0037727941022772764
Johnny Depp,0.02470270949665511
Johnny Dynell,0.018900720576082004
Johnny Green,0.02093982747807334
Johnny Vulture,0.00011743790390114405
Jon Cozart,0.00019111192949756759
Jon Glaser,0.00277555733094693
Jonas Brothers,0.07123455166469617
Jonathan B. Wright,0.030930802085331527
Jonathan Bloch,0.008662233703444799
Jonathan Christopher,0.008381913020687677
Jonathan Groff,0.04791002755952852
Jonny McGovern,0.0007657809222300167
Jordan Adetunji,0.000110887813505868
Jordan Fisher,0.3075277874354416
Jordan Francis,0.0029258036522261826
Jordan Gelber,0.03867579127183077
Jordan Peele,0.029867890513843233
Jordan Smith,0.001467046352336651
Jordyn Freetage,0.0
Joseph Williams,0.017313048222749164
Josh Gad,0.05423973349743431
Josh Groban,0.8772499548190125
Josh Levi,0.0026909858098256223
Josh Turner,3.9010715363015766e-05
Josh Warshawsky,0.02486715734135775
Joshua Alexander,0.0902935177874959
Joshua Bassett,0.0009310982479585768
Joshua Colley,0.00023418022298155082
Joshua Henry,0.008555171606452987
Joshua Morse,0.02211930747243685
Journey,0.00010010624878444016
Joy Downer,0.006091931860017096
Joy Williams,0.00149799987685946
Jozef Kundlák,0.00015581099984515064
Judine Somerville,0.00033138820167958564
Judy Garland,0.007572078393144298
Judy Kuhn,0.0063140552794392
Juice WRLD,0.000478852183675889
Juicy J,0.022471099495524734
Jules Mouquet,0.0002411360711889236
Julia Harriman,0.08427468029905795
Julia Lester,0.03592063776229213
Julia Michaels,0.01561402433269663
Julia Sono,0.009216498874768955
Julianna Joy,0.00110673341519474
Julie Andrews,0.07373204896355337
Julie Dawn Cole,0.011756252951485947
Julien Baker,6.19070490456179e-05
Julieta Venegas,9.825135592914075e-05
Jun Togawa,0.0002646120588888068
Junky,0.020296701345899996
Jupiter Productions,0.0003672108199475556
Justin Bieber,0.16696557192669886
Justin Bohon,0.037527496663596976
Justin Timberlake,0.09604339581191544
KAITO,0.0009013619968720581
KALEO,0.012086945568344797
KANA-BOON,0.00012856726103294052
KARRAHBOOO,0.0011251664129442779
KATYA,0.010857441432289927
KC & The Sunshine Band,0.00014462367731162606
KCB,0.0007589989702278284
KIRA,0.014387534397531621
KISS,0.00010143945302418662
KT Tunstall,0.0004409428109457072
Kacey Musgraves,0.013966357788575197
Kaden MacKay,4.944448767407496e-05
Kaela Kimura,0.00011129357131796475
Kagami Hiiragi (CV: Emiri Kato),0.024161950263933602
Kagamine Len,0.0385807859783984
Kagamine Rin,0.07832435791546262
Kaguyahime,0.008712547672144796
Kairikibear,0.011850968417909674
Kakichoco,0.0014042698222651113
Kalafina,0.04437013844139478
Kali Uchis,0.002373741166167695
Kalina & Kiana Campion,0.00027162587249790775
Kalmi,0.009586202206990819
Kamehameha Schools Children's Chorus,0.015547827843923133
Kamera Tyme,0.028082034452001997
Kamex,0.012145200797081543
Kamilah Marshall,0.00033138820167958564
Kanae Sakura,0.04912770675363086
Kanan,9.396191620126086e-05
Kanaria,0.019564656287475737
Kandi,0.00012514730233098223
Kansas,4.167712384250868e-05
Kanye West,0.04367948067980439
Kara Lindsay,0.0002435706180615041
Karen Dotrice,0.00010630854676934757
Karen Olivo,0.008534419992634325
Karey Kirkpatrick,0.002625890663684959
Karmin,0.013458638834838712
Kate Bollinger,8.341221308674545e-05
Kate Hudson,0.0006244033074151647
Kate Rockwell,0.027113780381535706
Kate Shindle,0.059016488357642394
Kate Wetherhead,0.14717989356243386
Katherine Jenkinson,0.00021771804889076851
Kathryn Hahn,0.0017228476701627857
Katie Got Bandz,0.013755711518695257
Katie Ladner,0.028930879794908392
Katy Perry,1.1072447280033837
Kavinsky,0.00035260353871207267
Keala Settle,0.06904577809544286
Keane,0.00013227704674353936
Keegan-Michael Key,0.00021667467165966263
Kehlani,7.802143072603153e-05
Keith David,0.0022336967555925892
Keith Urban,0.010984153800467567
Kelis,0.014045944285147887
Kelli Ann Erdmann,0.08491624136538464
Kelly Clarkson,0.07654499397861493
Kelly McIntyre,0.00890348570543718
Kelvin Chow-Min Yu,0.00786074609375027
Kelvin Yu,0.006206355563028378
Ken Marino,0.00032872179320009277
Kendrick Lamar,0.023603105825872925
Kenita Miller,0.07331545162133347
Kenny Dope,8.654234478006321e-05
Kenny Mellman,0.006166359435835985
Kenshi Yonezu,0.0009108683227554678
Keri Hilson,0.00011036612489031503
Kermit,0.031413364054718014
Kero Kero Bonito,0.0035178043000753355
Kerry Butler,0.15031524214190714
Kesha,1.0900284240361187
Kevin Aviance,0.0019037576889562064
Kevin Cahoon,0.011987245077372453
Kevin Duda,0.037527496663596976
Kevin Jz Prodigy,0.004221736138661463
Kevin Kline,0.09999883889503798
Key After Key,0.0036749485041602326
Khalid,0.011740660258421088
Khlaws,0.0012839336482775622
Kid Ink,7.129744412557116e-05
Kid P,0.017831085017993253
Kids Song Dream,0.0020323829153908748
Kidz Bop Kids,0.0043285084086446355
Kikuo,0.0007580135583984505
Kim Petras,0.09796906442272486
Kimbra,0.014199958357539469
Kimeru,8.404983250575462e-05
Kimiko Glenn,0.069005028418028
Kimmy Gatewood,0.0003510964382671419
Kinonei,9.517918963755111e-05
Kitadani Hiroshi,0.00024235334462521387
Kitashirakawa Tamako (CV: Aya Suzaki),0.00015702827328144088
Kiyoshi Hikawa,0.0009954398438767752
Kobo Kanaeru,0.012022777868631781
Kodaline,0.00020050232457752087
Koji Kondo,0.003582087930591806
KokiRemix,0.069175794491519
Konata Izumi (CV: Aya Hirano),0.024161950263933602
Konomi Suzuki,0.0013367980946535952
Koo Koo,0.005510249053675545
Kool & The Gang,0.0002504685008671488
Kradness,0.018169660929487123
Kris Bowers,0.000949589211109843
Kristen Anderson-Lopez,0.0017228476701627857
Kristen Bell,0.018520061782933528
Kristen Schaal,0.2730016233425226
Kristie Dale Sanders,0.008381913020687677
Kristin Chenoweth,0.15718112804579792
Kristle Edwards,0.0036491539003912256
KulfiQ,0.0001187131427391624
Kummerspeck,0.03212906286985495
Kunning Fox,0.02683798100011337
Kuriyama Yuri,8.207900884699899e-05
KuroUsa(WhiteFlame),0.002004037833945831
Kyary Pamyu Pamyu,0.014380752445529433
Kygo,4.9270591468890644e-05
Kyle Selig,0.02080870973936436
Kylie Cantrall,0.0008615397658848491
Kylie Minogue,0.016346938872146808
Kym Karath,0.00025962703434018967
Kyndra Sanchez,6.874696644953448e-05
Kyouko Namekawa,7.402181800679217e-05
L'Arc-en-Ciel,0.0005254563666652867
L.A Band,0.005237289976937891
L.V.,0.013951866438143171
LAY,0.0016025114961752361
LEGENDARY KATRINA EBONY,0.004221736138661463
LISA,0.023918553542077284
LIZ,0.0005750167851428179
LMFAO,0.14058435829220295
LOLO,0.02189643050279228
La La Land Cast,0.013226139608507275
LaChanze,0.04081720710787221
Lady A,0.00023551342722129729
Lady Gaga,1.763135247395068
Lagoona Bloo,0.025654269531423708
LamazeP,0.024818466403906142
Lamp,3.3388071395389424e-05
Larray,0.006180039270643818
Larry Murphy,0.058256330079380005
Last Note.,0.0005248187472462775
Laufey,0.0019337837670513657
Laura Bell Bundy,0.553743192881594
Laura Benanti,0.00015204324873282373
Laura Jane Grace,0.00021534146741991616
Laura Osnes,0.007171015778587528
Laura Silverman,0.021448589809040932
Laura Williams,0.009905127847298863
Lauren Bennett,0.11609090389578632
Lauren Daigle,0.0627695162579304
Lauren Pritchard,0.011594123722852434
Lauren Worsham,7.663026108455699e-05
Laurence Manning,0.005393738596202051
Laurie Veldheer,0.00027330686914802283
Lauv,0.0007147134033075548
Lawrence,0.009031241450845927
Lazer Kitten,0.007996327168392312
Lea Michele,0.045362795945988604
Lea Salonga,0.03829681347533241
Leah Kate,0.00027185773410482014
Lebo M.,0.030885531106581876
Leighton Meester,0.050244004460110736
Leith Ross,0.0017000672672836394
Lemon,0.2121925549364385
Lena Raine,0.020972983687861817
Lene,0.0011277748560220428
Lenka,3.083759371935273e-05
Lenni Kim,0.010095138434163597
Lenny Bertoldo,7.790549992257532e-05
Lenny Pearce,8.161528563317415e-05
Leona Lewis,0.01241352264168095
Leonard Bernstein,0.02093982747807334
Leonid Utyosov,0.00017088200429445837
Lesley Gore,0.00085446798687402
Leslie Kritzer,0.3374066334102115
Leslie Odom Jr.,0.3431950004613785
Lev Tahor,0.008063567034396915
Lewis Cleale,0.019943112395358547
Lewky,0.001030103154110183
Lexi Lawson,0.08427468029905795
LiSA,0.036146876725236934
Liberty Greig,0.004039203088619655
Lil Baby,0.003162360456678586
Lil Bibby,0.00024728040377210294
Lil Jon,0.03872320697044436
Lil Nas X,0.33562999384724507
Lil Wayne,0.08430418468853756
Lil' Kim,0.04781629750493417
Lili Reinhart,0.0003127813077248634
Lilla Crawford,0.027164731969654708
Lilli Cooper,0.0229220703209694
Lillias White,0.04081720710787221
Lily-Rose Depp,0.0004673170687319957
Lin-Manuel Miranda,0.46392777372755156
Linda Hart,0.04055868141616486
Linda XO,0.000803400467951558
Lindana,0.008757934581697904
Lindsay Mendez,0.0005480628733392482
Lindsey Stoddart,0.006993989441709891
Linked Horizon,0.057752610738362756
Linkin Park,0.05426431082776703
Lisa Kron,0.015181138712591129
Lisa O'Hare,7.663026108455699e-05
Little Glee Monster,0.0006329821868709246
Little Mix,0.15767313837566607
Little Shop of Horrors Off-Broadway Revival Company,0.00016444784470263853
Little Sis Nora,0.0004966475620064177
Liza Anne,0.0006665441544714982
Liza Sadovy,0.00010184521083628338
Lizzo,0.15421132865366008
Lizzy McAlpine,6.324025328536435e-05
Logan Potter,0.000506037957086371
Lomz,0.0010834892891017692
London Mozart Players,0.00023615104664030645
London Philharmonic Orchestra,0.00039839620607727696
London Symphony Orchestra,0.014868299439464537
Lookas,0.012077729069470028
Loosey Laduca,0.00890348570543718
Lord Huron,9.396191620126086e-05
Lorde,0.04682253865770752
Loren Bouchard,0.08789566301420931
Lorraine Bowen,0.05175035135481904
Los Angeles Philharmonic,0.0017232534279748824
Lotus Juice,0.14658470481748964
Lou,0.03752512008212612
Loud Luxury,0.00982681658956419
Luca Padovan,0.022359110339386028
Lucas Grabeel,0.0011086462734517675
Lucenzo,6.097960261796818e-05
Lucian Piane,0.06514986547989508
Luck Ganriki,0.4113388948713338
Lucky Twice,0.0016200170474971244
Lucy Dacus,0.0014295427374185659
Ludacris,0.056616488864491867
Ludwig van Beethoven,0.00026211954661449824
Luis Fonsi,0.028143941501047615
Luke Combs,0.00791337867851939
Luke Islam,6.874696644953448e-05
Luke Markinson,0.007638854535935078
Luke Mumby,0.00032025884454778915
Lulu Antariksa,0.017556908667819306
Luna Haruna,0.0029623218553148896
LunchMoney Lewis,0.0002122113357265984
Lustra,0.00042042305873395743
Lyn,0.30956434385975695
Lynnette Perry,0.0002411360711889236
Låpsley,0.0034544481159865153
M. Ward,0.0007543037726878516
M.I.A.,0.07231943212343941
M.Zakky,0.0802932107505595
MAISONdes,8.526710594204487e-05
MARINA,1.2386983182499736
MAXIMUM THE HORMONE,9.025213049066203e-05
MEIKO,0.0029790738564143128
MGMT,0.008433270366618778
MIKA,0.011880588738192737
MKSM,0.0001345376974109355
MKTO,0.01060419059213983
MONOBRIGHT,0.00017801174870701547
MORE MORE JUMP!,0.034885433652829874
MTA,0.0012530380891564812
MUNA,2.144719863939946e-06
MY FIRST STORY,0.029795897484896926
MYTH & ROID,5.245868856393651e-05
Maaya Sakamoto,6.057384480587144e-05
Maaya Uchida,0.00010259876105874876
Mac Miller,0.021405985238770773
Maccabeats,0.0001143657376095544
Macklemore,0.040109449552772035
Macklemore & Ryan Lewis,0.040109449552772035
Mackz,0.00016415801769399798
Mad Tsai,0.03960874441264464
Maddie Baillio,0.03266651807467796
Maddie Zahm,0.009654543415628257
Madelaine Petsch,0.0003127813077248634
Madeleine Martin,0.006581855435423053
Madisen Lora,6.874696644953448e-05
Madison Rose,0.007756292439836222
Madonna,0.5066008591025526
Mafumafu,0.034708755108362604
Magdaléna Hajóssyová,0.00015581099984515064
Mai Kuraki,0.0002707563914719861
Maia Mitchell,0.023028494798542205
Maisie Peters,0.0005154283521663243
Major Lazer,0.030817653621158264
Makir,0.00018299677325563267
Makky,0.1589930685384168
Makoto Kawamoto,0.00047728711782923006
Maksym Rzemiński,0.00254381165483796
Maliibu Miitch,0.013755711518695257
Mami,0.00028066847516749235
Mamoru Miyano,0.017473786281741205
Mandy Gonzalez,0.016501938356367766
Mandy Moore,0.04854016944171477
Manga Star,4.463335933064212e-06
Manila Luzon,0.011602354809897826
Manuel,0.015258638454701608
Manuel Herrera,0.04231462733071439
Mara Davi,0.02025618353009205
Marc Russo,0.027675812916691425
Marcy,0.0005638874280110214
Maretu,0.0002564969026468719
Margaret Durante,0.009487139335437485
Maria Bilbao,0.16713796103143824
Maria Sawada,0.013731655876978095
Mariah Carey,0.045130760442870996
Marina Summers,0.00038825226077485826
Mario Vazquez,0.044547686466887976
Marisa Davila,0.017556908667819306
Marissa Heart,0.08491624136538464
Marissa Jaret Winokur,0.0736019746020755
Mark Aldrich,0.00027330686914802283
Mark Keali'i Ho'omalu,0.015547827843923133
Mark Proksch,0.008290385651358995
Mark Ronson,0.047813341269446044
Mark de Groot,0.00039445455875976564
Markaholic,0.05985866767935006
Maroon 5,0.13001448321788617
Mars,0.00023418022298155082
Marshmello,0.008921454979972893
Marta Sánchez,0.0002794512017312021
Martin Hayes Quartet,0.010548022117865293
Martin Short,0.035163087927107504
Martina McBride,0.014094867084206411
Marvin Gaye,0.007028536821139842
Mary Beth Peil,0.0
Mary Testa,0.0729259241217206
Masakazu Kurihara,0.18408188557598282
Masked Wolf,0.00194160909628466
Mason,1.1071391730068369e-05
Mathew Baynton,0.00021667467165966263
Mathletes,0.012379091193054454
Matsushita,0.002669422680382767
Matt Beville,0.0016163652271882537
Matt Lucas,0.00021667467165966263
Matt Maeson,0.010849558137654905
Matt Maltese,6.051587940414333e-05
Mattel,4.573470196347614e-05
"Matthew ""Mdot"" Finley",0.0029258036522261826
Matthew Garber,0.00010630854676934757
Matthew Morrison,0.04055868141616486
Matthew Risch,0.024000690516326008
Mauro Castillo,0.012615763928310313
Max Coveri,0.017107850700631665
Max Greenfield,0.006789023781199306
May'n,0.009662948398878834
Maya Hawke,0.0
Mayday Parade,0.02513252295046902
Mayer Davis,0.0031146549310563537
Mayumi,0.00017308468956012642
Mayumi Morinaga,0.00012114768961174288
Meaghan Martin,0.0029258036522261826
Meat Loaf,0.00011372811819054523
Meesha Garbett,0.004039203088619655
Megami33,9.013619968720582e-05
Megan Mullally,0.028081222936377805
Megan Thee Stallion,0.10674288152449628
Meghan Kabir,0.001649637367780187
Meghan Trainor,0.41041631753742924
Megumi Nakajima,0.009662948398878834
Megurine Luka,0.003901013570899849
Mela Lee,0.06249568770016681
Melanie Martinez,1.4723212038939085e-05
Melanie Moore,0.0002713940108909953
Melissa Galsky,0.0037971395710030818
Melita Doostan & Octopretzel,0.011983419360858397
Melita and Isaac,0.012164851068267372
Melodores,0.0011090520312638642
Men At Work,7.535502224653864e-05
Mena Massoud,0.0039646595819973094
Mercedesz Csampai,0.0039665144748526095
Meredith Brooks,7.292047537395816e-05
Meryl Streep,0.031069281430059978
Metallica,5.0661761110365205e-05
Metric,0.014363246894207544
Metro Boomin,0.00018717028218005635
Michael Andrews,3.1127420727993265e-05
Michael Ball,0.00935967341703738
Michael Bublé,0.008535231508258518
Michael Giacchino,0.00013992847977164943
Michael Hyatt,0.014729414336923995
Michael Jackson,0.00210878131486852
Michael Kovach,3.535889505414505e-05
Michael Maguire,0.02236003778581368
Michael Marcagi,0.00026582933232509705
Michael McCorry Rose,9.825135592914075e-05
Michael McMillian,0.029756770838730455
Michael Pole,0.00844179128067281
Michael Rupert,0.04861888645726154
Michaela Dietz,0.05102375504415723
Michaela Rózsa Růžičková,0.0010794317109808018
Michelle Duffy,0.012987380118789204
Michelle Pfeiffer,0.032008900592072585
Michelle Yeoh,0.0014260648133148795
Mick Lauer,0.0022336967555925892
Mickey,0.008818160634093408
Mickey Rooney,0.04685459352486316
Miho Fukuhara,0.00021267505894042324
Mika Ogawa,0.016743885943180884
Mike Faist,0.025847931938597312
Mike Geno,0.013516372374959906
Mike O'Carroll,0.0002411360711889236
Mike Posner,0.04085355141475573
Mikey Angelo,0.028082034452001997
Mikie Mayo,0.007545472273751097
Mikito P,0.13555452648804997
Mikky Ekko,0.0002742343155756725
Miku and Friends,0.0006825426053484557
Miley Cyrus,0.3703357927201195
Mili,3.872088835437523e-05
Milk In The Microwave,0.027936135535852353
MilkyyMelodies,0.00013476955901784793
Mindi Dickstein,0.00026582933232509705
Minnie,0.008818160634093408
Miranda Cosgrove,0.012612343969608353
Mitchell Hope,8.654234478006321e-05
Mitchie M,0.029486072412660196
Mitski,1.7795378330528738e-05
Mitsuko Uchida,8.03400467951558e-05
Miyuki Takara (CV: Aya Endo),0.024161950263933602
Mk.gee,0.00010897495524884048
Modjo,0.0003982802752738207
Moist,0.0008924353250059298
Moisés Nieto,0.010760697176805716
Momoiro Clover Z,0.00033138820167958564
Momokurotei Ichimon,0.00021267505894042324
Mon Rovîa,0.006381411076247259
Mone Kamishiraishi,0.007843762231043935
Monica,0.06152754956050397
Monique Coleman,0.000796386654342457
Monique Heart,0.0002810742329795891
Monster High,4.573470196347614e-05
Monét X Change,0.026507926002673536
Moon Sisters,0.012834525354432188
Moonbaby,0.03201881267576809
Mordechai Ben David,0.00045485450736045284
Mordechai Shapiro,0.0004387401256800391
Morgan Wallen,0.03153178737044854
"Morrigan, Dai & Yuduki",0.001774668739307713
Mother Mother,0.00041445262235596244
Motion City Soundtrack,0.014027743149005263
Motion Picture Cast of Hairspray,0.24319604563553704
Motohiro Hata,0.018162473219672837
Mount Hayes,0.007527560964617113
Mr Dooves,0.005300124472411159
Mr. Krabs,0.014358551696667568
Mrs. GREEN APPLE,0.0006455027136441956
Ms. Lauryn Hill,0.0003521977808999759
Mstislav Rostropovich,0.0014650175632761673
Mumford & Sons,0.012635530130299598
Mura Masa,0.0005641192896179338
Muray,0.0006219687605425842
Muse,0.0001484493938256811
Music Legends,0.003834353358912526
MusicClubKids!,0.00011987245077372453
MusikM,5.93565713695812e-05
My Chemical Romance,0.031926125998404845
My Little Pony,0.010019783411917057
MyReminiscence,0.04306191728979314
Mya Harrison,0.02566319620328984
Myah Marie,0.007729280562630924
Mykah,0.016134901432625394
Mystery Skulls,7.129744412557116e-05
MØ,0.030817653621158264
Måneskin,0.012407146447490858
Mýa,0.04781629750493417
N.E.R.D,0.002374842508800529
NASAAN,0.007127947485103545
NILFRUITS,8.207900884699899e-05
Nachas,0.00013992847977164943
Nadav Bachar,0.005232246986987546
Nagisa Soshite,0.00012984249987095888
Nana Kitade,7.048592850137767e-05
Nanameue-P,0.0019326824244185316
Nanaru,0.0020337161196306215
Nanase Aikawa,5.808133253156285e-05
Nanashi Hachiya,0.00010880105904365617
Naomi Scott,0.06530648799536443
Natalia Kills,5.158920753801491e-05
Natalie Cole,0.0001030045188708455
Natalie Jane,0.008987825364951576
Natalie Joy Johnson,0.053329734655704765
Natalie Paris,9.825135592914075e-05
Natalie Venetia Belcon,0.03867579127183077
Natasha Bedingfield,0.030046771743576173
Natasha Richardson,0.0002035165254673824
Nate Ruess,0.02841979884787168
Nate Smith,0.000305477667107122
Nathan Lane,0.017313048222749164
Naturelle,0.008173121643663036
Naughty Boy,3.211283255737108e-05
Nayer,0.039838693161300044
Nayutalien,0.00014340640387533582
Ne-Yo,0.06634638730236667
Nefesh Mountain,0.009221020176103748
Nei Kino,0.15900587889219872
Neil Cicierega Archive,0.014796654202928599
Nelly,8.207900884699899e-05
Nelly Furtado,0.04581550573348512
Nem,0.013382878054780077
Neon Trees,0.016583437711197486
Nero,0.0014042698222651113
Neru,0.006468649005848061
Never Dull,8.654234478006321e-05
New Boyz,0.07502473538749188
New Broadway Cast of Funny Girl,0.0018808033898718762
NewJeans,0.00971934873476028
Newsies Original Broadway Cast,0.00011129357131796475
Nicholas Christopher,0.06872325860022768
Nicholas Hammond,0.00025962703434018967
Nick Cave & The Bad Seeds,0.00010352620748639845
Nick Jonas,0.06579635360536866
Nick Sullivan,0.00027330686914802283
Nickelback,5.67481282918164e-05
Nickelodeon,0.0415152844408838
Nicki Minaj,2.1074692100350023
Nicky Youre,0.00982681658956419
Nicola Coughlan,0.0002987536805066616
Nicole Scimeca,0.0
Niecy Nash,0.0009868029990192874
Nightcore Fanatics,0.0011009368750219295
Nightmare,0.0021647179275361425
Niimu,0.028432261409243216
Niki Yang,0.017735442105141875
Nikki Blonsky,0.045740614434452403
Nikki Snelson,0.04548017588448802
Nile Rodgers,0.0008402084980489058
Nina Zeitlin,0.006716856856047814
Nine Days,0.010974763405387614
Nirgilis,0.00021887735692533068
Nirvana,9.581680905656028e-05
Nita Strauss,0.04579313108841807
Nitty Gritty Dirt Band,3.222876336082729e-05
Noah Galvin,6.874696644953448e-05
Noah Kahan,0.07886639238702214
Noah Weisberg,0.018313936814388383
Noise Eternity,0.020434543071209434
Noisestorm,0.01721972392596691
Nora Smith,0.05915711242223479
Norbert Leo Butz,7.981835817960284e-05
O.A.R.,0.12197995684975504
OMI,0.0006344313219141272
ON/OFF,0.00024478789149779437
ONE OK ROCK,0.014673477724256373
ONE Ⅲ NOTES,0.00012984249987095888
OR3O,8.283255906946438e-05
ORION,0.000803400467951558
OSTER project,0.0006355326645469611
Ocean Kelly,0.06358433591002238
Og Swaggerdick,0.00011807552332015323
Okazaki Taiiku,0.04056100003223398
Okieriete Onaodowan,0.24467462710281762
Olga Merediz,0.01305977890554761
Olivia Foa'i,9.025213049066203e-05
Olivia Newton-John,0.00114255603346271
Olivia Olson,0.07233009775735738
Olivia Rodrigo,0.4003678412516568
Olly Murs,0.004550399966459827
Omar Cardona,1.1071391730068369e-05
Omer Adam,0.010156291932986748
Omoi,0.012172734362902393
Once On This Island Storytellers,0.018006198496613862
One Direction,0.0437883976696515
One Studio Session Later...,0.00024478789149779437
OneRepublic,0.31070052369902956
Only Murders in the Building – Cast,0.0
Onsa Media,0.012866638186989559
Oompa Loompa Cast,0.011756252951485947
Oompa-Loompas,0.003856148349962294
Opetaia Foa'i,0.008233637523067178
Optimica,0.0012303736170807915
Oren Tsor,0.005232246986987546
Orfeh,0.10359634562248947
Orianthi,0.011613136374619252
Original Broadway Cast of Dear Evan Hansen,0.028251989009868805
Original Broadway Cast of Hairspray,0.1140790986980089
Original Broadway Cast of Hamilton,0.6348237476838264
Original Broadway Cast of Into the Woods,0.035310667839907266
Original Broadway Cast of Mean Girls,0.3504884391684158
Original Broadway Cast of Ragtime: The Musical,0.00039457048956322195
Original Broadway Cast of Thoroughly Modern Millie,0.00012248089385148933
"Original Broadway Company of Natasha, Pierre and the Great Comet of 1812",0.001118616322549002
Original Cast of Billy Elliot,0.26792304263551625
Original Cast of Firebringer,0.08616974317775494
Original London Cast of 'Billy Elliot The Musical',0.0004845327930452434
Original West End Cast of Heathers,0.003960775900081526
Orpheus Chamber Orchestra,0.00015824554671773115
Orville Peck,0.0014562647876152231
Osamuraisan,0.0014042698222651113
Otaku Ongaku,0.0004064533969174837
Our Siddur,0.002505322628090497
Outkast,0.008004384359232519
Over the Garden Wall,0.004209911196708929
Overboard,0.0006330981176743807
Overwings,0.000813718309459161
Owata-P,0.010154668901738361
Owl City,0.04920155467543247
P!nk,0.17981203815388702
PEGGY,0.008704432515902862
PNAU,6.248670306289897e-05
PPP,0.00015082597529653347
PTAF,0.06128600773150296
Pablo Pierrôt,0.00014856532462913732
Painted Bird,0.011700374304220053
Paloma Faith,6.921068966335932e-05
Panic! At The Disco,0.1680702765528331
Paramore,0.041533253715419514
Paris Hilton,0.01470692376105349
Paris Paloma,0.01648478059745625
Parsley Onuma,0.0001248574753223417
Party Beats Nation,0.0027349235843355272
Pascal Flores,0.00031034676085228295
Passenger,0.00022363051986703543
Pat Carroll,0.0
Paterson Joseph,0.00021667467165966263
Patina Miller,0.025930938393871963
Patrick,0.014358551696667568
Patrick Wilson,0.008989680257806875
Patriot,6.55009039527605e-05
Patti Cohenour,0.05887679173947766
Patti LaBelle,9.146940392695228e-05
Patti LuPone,0.030159978173151167
Patton Oswalt,0.0013918072608935686
PattyCake,0.00028263929882624793
Paul F. Tompkins,0.01571633326674674
Paul Gemignani,0.007396037468096039
Paul Lekakis,0.0037417246469510115
Paul Lewis,0.00026211954661449824
Paul McCartney,0.0016293494771753496
Paul Rudd,0.0021935267321950115
Paul Russell,0.017429674611026114
Paul Welsh,0.003398511503318892
Paul-Jordan Jansen,0.023077185735993815
PeaNut,0.02022279545869666
Peach PRC,0.019861960832939195
Peaches & Herb,0.00028663891154548734
Pearl Jam,2.6490188589744734e-05
Pebbles&TamTam,0.00022554337812406294
Peder Lindell,0.00023418022298155082
PelleK,0.013001523676810862
Peppermint,0.023432977371800934
Pete,0.008818160634093408
Pete Gardner,0.04503540735702826
Peter Bjorn and John,0.027434560914699046
Peter Dinklage,0.000409293701602161
Peter Gregson,0.00021771804889076851
Peter Hollens,9.686018628766619e-05
Peter McPoland,0.008294443229479963
Peter Mikulas,0.00015581099984515064
Pharrell Williams,0.0033836723604764966
Phil Collins,0.0005811611177259972
Phil Hernandez,0.001784580823003219
Philip Quast,0.0004717224392633318
Phillip Moll,0.0002411360711889236
Phillipa Soo,0.18416576151228337
Phineas,0.031319807896328856
Phineas and Cast,0.02257561111484051
Phineas and the Ferbtones,0.006830642939640086
Phinedroids and Ferbots,0.004032826894429563
Phoebe Bridgers,6.405176890955784e-05
Phoebe Strole,0.011594123722852434
Phos Toni,0.0002448458568995224
Piano Tribute Players,0.007013813609100904
PianoDeuss,0.005936932375796138
Pikachu (Character Voice: Ikue Otani),0.01678254886613353
Piko,0.02560546266316864
PilgorDaGOAT,0.0003449521056839626
PinkPantheress,0.0032487868706551925
Pinkie Pie,0.004633116594725836
PinocchioP,0.03956857438924707
PitTan,0.01284153916804129
Pitbull,0.5980818561098505
Plain White T's,0.0002633947854525166
Plankton,0.014358551696667568
Playboi Carti,0.00018717028218005635
Player2,0.003877653514003422
Pluto,0.008818160634093408
Pokestir,0.0021467486530004293
Pokémon,0.07335260744384119
Polyphia,0.00021267505894042324
PolyphonicBranch,0.00018050426098132407
Pomexgranate.,0.04409735326086231
Poppy,0.030595646132539615
PornoGraffitti,0.038464391451728364
Portugal. The Man,0.007013523782092263
Post Malone,0.03344916692881084
Presti,0.016788171510101157
Prince,7.802143072603153e-05
Princess Cadance,0.005019455997243667
Princess Nokia,0.011212421552472852
Princess Superstar,1.1071391730068369e-05
Princess Zelda Ambient,0.00025099018948270175
Princewhateverer,5.929860596785309e-05
Priyanka,0.1091500687274611
Pro Sounds of Nature,0.008097244932800944
Public Domain,0.008662233703444799
Puffy AmiYumi,0.0014832766648205206
Purple Disco Machine,5.784947092465043e-05
Pyotr Ilyich Tchaikovsky,0.003944081864383832
P丸様｡,0.00013598683245413817
QUEEN BEE,0.0004521880988809599
Quad City DJ's,8.161528563317415e-05
Queen,0.01231306860048614
Queen Chrysalis,0.005019455997243667
Queen Latifah,0.015069497348862794
Quinn Titcomb,6.874696644953448e-05
R.E.M.,0.015559420924268753
RADWIMPS,7.784753452084721e-05
RAYE,0.016662908276966718
RIB,0.00032025884454778915
RILEY,0.014729414336923995
RINA,0.001872166545014388
RMaster,9.396191620126086e-05
ROCK-MEN,0.015661961719925774
ROSÉ,0.009824208146486426
Rachel Bay Jones,0.029415122760944993
Rachel Bloom,1.3380187880485874
Rachel Grate,0.05017809779834588
Rachel Hastings,0.007406819032817466
Rachel McDowall,0.002335252139420232
Rachel Potter,0.0016644185452208541
Rachel Zegler,0.010440380366856199
Rachelle Ann Go,0.08427468029905795
Radical Face,4.074967741485897e-05
Radiohead,0.008372812452616365
Rag'n'Bone Man,0.0008075160114742536
Ragtime Ensemble,0.0002411360711889236
Rainbow Dash,0.004396385894068248
Raini Rodriguez,0.006050660493986683
Ralfington,0.0001789971605363933
Ramin Karimloo,8.89768916526437e-05
Ramone Owens,8.387593630057031e-05
Ramones,7.726788050356615e-05
Random Encounters,8.283255906946438e-05
Randy Graff,0.0029219779357121277
RangChang,0.00019905318953431823
Rarity,0.004763596714015804
Rascal Flatts,0.029964055115310168
Ray Bolger,0.007572078393144298
Ray Charles,4.573470196347614e-05
Ray Dalton,0.00020021249756888032
Reba McEntire,0.00038888988019386745
Rebecca Black,0.012594548591277826
Rebecca Sugar,0.02583146976450653
Rebekka Johnson,0.0003510964382671419
Recess Therapy,0.0017707850573919297
Red Hot Chili Peppers,8.746979120771291e-05
Regard,0.010107948787945508
Regina Price,0.01029094556120114
Reiko Nakanishi,0.002109592830492713
Reinoud Ford,0.00021771804889076851
Rekka Katakiri,0.05923327896010551
Relaxed Skies,0.010433772311059195
Remi Wolf,0.009858233837300823
Remy Ma,0.012465633537834517
Remy Zaken,9.146940392695228e-05
Reneé Rapp,0.08351915925293381
Renée Elise Goldsberry,0.08465707805425828
Renée Fleming,0.0010906769989160545
Renée Lamb,0.1298353701265463
Reol,0.017181872518638456
Retro Remix Revue,0.027896892958882424
Rhenzy Feliz,0.012615763928310313
Rhett Rhapsody,0.03795806366763335
Rica Matsumoto,0.00041787258105792076
Rich Fulcher,0.0052505060885319
RichaadEB,0.02514875326295289
Richard H. Blake,0.011213059171891861
Richard Harwood,0.00021771804889076851
Richard Hein,0.005273112595205861
Richard White,0.000944720117364682
Richy Mitch & The Coal Miners,0.00615882393361133
Rick Astley,0.0005154283521663243
Rick James,0.005953394549886921
Rick Negron,0.024803801157268927
Rick Ross,0.008503118675701147
Ricki Lake,0.01481097165715544
Rihanna,0.7544525698740877
Riley Costello,0.08524762956706422
Rina Sawayama,0.001088126521240018
Rin音,0.00010016421418616827
Riproducer,8.283255906946438e-05
Risa Asaki,7.402181800679217e-05
Rishe,0.0014042698222651113
Rita Ora,0.012058252694489385
Riverdale Cast,0.0003127813077248634
Rixton,0.011473381791052789
Riyu Kosaka,0.0002646120588888068
Roar,0.0007192926700440753
Rob Huebel,0.010337259917181898
Rob McClure,0.0006006954581083691
Robbie Rivera,0.0026136599639203285
Robert Ben Garant,0.00020995068505920222
Robert Lopez,0.0017228476701627857
Robin,0.0039905701165697735
Robin de Jesus,0.01941916312913819
Robyn,0.0026535981257109938
Roger,0.00011303253336980795
Rojak,0.00017308468956012642
Rory O'Malley,0.043733852226625354
Rosario Dawson,0.02416224009094224
Roshon Fegan,0.0029258036522261826
Ross Lynch,0.05905242690671382
Rowan Atkinson,0.009905127847298863
Rowena Fysx,0.0007295525461499502
Roz Ryan,0.04460037701705882
RuPaul,1.4114262307624634
Rubber Duc,0.0006763982727652764
Rufina Akhmetshina,0.010143945302418663
Rupert Holmes,0.0005335715229072216
Rupert Pope,0.012142128630789954
Ruth B.,0.01377072455774284
Ruthie Ann Miles,0.18018516144481084
Ryan,0.07760048597868202
Ryan Lewis,0.040109449552772035
Ryan McCartan,0.04277690140949604
Ryan.Song,0.00023817983570079016
Ryoga,0.00011169932913006149
Ryu*,0.00012114768961174288
SCANDAL,0.01083286410195721
SCREEN mode,0.0032606118126077264
SEATBELTS,0.018932311720023822
SHARKFISH,0.007545472273751097
SID,0.0004723020932806129
SIEサウンドチーム,0.0001038739998967671
SIX,0.323041879415559
SLACKCiRCUS,0.002761877496139097
SLAVE.V-V-R,0.0002980001302841962
SQVARE,0.012318981071462407
STARKIDS,0.0013168000310573985
ST☆RISH,0.24486915899101713
SUPER★DRAGON,8.613658696796646e-05
SZA,0.025085107251855428
Sabi,0.027744501917739233
Sabrina Carpenter,0.25490980994755635
Sachiko Kobayashi,0.0014800306023237469
Sadye,1.5650658466588792e-06
Sage The Gemini,0.012077729069470028
Saint Torrente,0.003024344835163964
Sakurakou K-ON Bu,5.686405909527262e-05
Sally Dworsky,0.02077595928738798
Sam Dillon,0.012429115334745812
Sam Faulkner,0.08491624136538464
Sam Haft,0.0022336967555925892
Sam Martin,0.0044593942857467
Sam Seder,0.0006519948386377435
Sam Smith,0.0385187050331476
Samantha Barks,0.0009348659990709039
Samfree,0.036355320309851204
Sammy Rae & The Friends,0.010471449822182465
Samuel E. Wright,0.011532274639208544
Samyra,3.628634148179476e-05
Sander Melodies,0.013547325899482715
Sandy,0.014358551696667568
Santino Fontana,0.31160930526732283
Sara Bareilles,0.06064647545423675
Sara Ramirez,8.38179708988422e-05
Sarah Chen,7.541298764826673e-05
Sarah Jeffery,4.816924883605662e-05
Sarah Jessica Parker,0.010389660640344106
Sarah Schachner,0.0014131964941312399
Sarah Silverman,0.021988305664531332
Sarah Stiles,0.029277049174028645
Sasha Hutchings,0.020185407774582033
Sasha Velour,0.023310554443351172
Sati Akura,1.1593080345621328e-05
Satsuki ga Tenkomori,0.03393735154216496
Saves The Day,0.00019174954891657675
Sawano Hiroyuki,0.0009892375458918677
Saweetie,0.0899750558704017
Say Anything,0.014791321385969612
Scala & Kolacny Brothers,0.03807637105256042
Scar Mkadinali,0.00011535114943893222
Scarlet,0.01647150652046051
Scatman John,0.000932779244608692
Science Noise,0.008226449813252894
Scissor Sisters,0.05622336750997185
Scott Barnhardt,0.037527496663596976
Scott Jacobson,0.01252464231679373
Scott Michael Foster,0.18740596950348282
Scott Vance,0.024110998675814597
Sean Garrett,0.011436921553365809
Sean Hayes,0.00033138820167958564
Sean Kingston,6.324025328536435e-05
Sean McCourt,0.02347007522890692
Sean Paul,0.0005624382929678187
Seeb,0.004382474197653502
Selena,6.996423988582472e-05
Selena Gomez,0.12979618551497812
Selena Gomez & The Scene,0.1516119861439666
Serena Smith,0.016588886458959926
Set It Off,0.012782646319885533
Seth Rogen,0.0008952756296906071
Seth Stewart,0.01941916312913819
Sevenn,0.012789776064298089
Sex Bob-Omb,0.00010230893405010821
Sexyy Red,0.02148655714717284
Shaboozey,0.011440399477469495
Shakey Graves,0.015497745736830047
Shakira,0.030325991083700463
Shane Harper,0.0001273499875966503
Shania Twain,0.029484275485206622
SharaX,0.00036471830767324695
Sharon D. Clarke,0.01544406977482982
Sharpay Evans,0.041072486737082796
Shaun Amyot,0.024803801157268927
Shawn Colvin,0.007079488409258848
Shawn Mendes,0.09879518732815386
Shayna Steele,0.00033138820167958564
Shayne Orok,0.00016015840497475865
Shelby Rabara,0.013257440925440452
Shenseea,0.0014740022005440237
Sheryl Crow,5.796540172810664e-07
Sheryl Nome starring May'n,0.0005688144871579104
Shihori,0.0006541395585016834
Shingo Nakamura,0.016048938741862615
Ship's Chorus,2.9968112693431133e-05
Shir,0.009575072849859024
Shiritsu Ebisu Chugaku,0.004251240528141069
Shiro SAGISU,0.0003017678813965232
Shiroku,0.022749101562212732
Shmueli Ungar,0.0018519945852130072
Shoba Narayan,0.08427468029905795
Shoko Nakagawa,0.04756084397951841
Showtek,0.012967613916799922
ShyBoy,0.020192305657387676
Sia,0.08145037406525768
Sick Day,0.004209331542691648
Sigala,0.00033712677645066823
Silk Sonic,0.0001186551773374343
Silva Hound,3.535889505414505e-05
Silver Forest,0.009562552323085751
Simgm,0.015110594818688023
Simple Plan,6.515311154239186e-05
Sir Chloe,0.00098489014076226
Sir Neville Marriner,0.006689323290226963
Sir Simon Rattle,0.001399632590126863
Sister Sledge,0.020062115365106346
Siti Khalijah Zainal,0.00036228376080066647
SixSaidIt,0.0077837100748536165
Sixpence None The Richer,0.01111695253582666
Skillibeng,0.00013853731013017487
Skip Marley,0.002948294228096688
Skrillex,0.00021441402099226645
Skylar Astin,0.09751687632384391
Skylar Grey,0.017254445201602044
Slash,0.03772637595692611
Slayyyter,0.00022994874865539904
Sleep Miracle,0.014375419628570446
Sleeping With Sirens,0.015707812352692706
Sleepy Parents,0.015476762261404473
Slovak Philharmonic,0.00015581099984515064
Slovak Philharmonic Chorus,0.00015581099984515064
Sly Pyper,0.027794120301618496
Smash Mouth,0.00013992847977164943
Smokey,0.00025974296514364587
Snoop Dogg,0.03201921843358019
Snoozegod,0.0003239106648566599
Sofi Tukker,0.011091389793664565
Sofia Carson,7.013813609100904e-06
Sofia Wylie,0.0009310982479585768
Soft Cell,0.02834653058008735
Something Corporate,0.0009601389142243584
Sophia Anne Caruso,0.0007886192905108908
Sophie Holohan,0.003182068693266142
Sophie Isaacs,0.003960775900081526
Soraru,0.034708755108362604
Soulja Boy,0.015240031560746886
Sparks & Shadows,0.0004426817729975504
Spencer Lee,0.023028494798542205
Spice Girls,0.08571164260789771
Spongebob Squarepants,0.03945165817396147
Squishy Donald,0.00019783591609802797
Stacy,0.00481634522958838
Stacy's Cousins,0.005237753700151716
Stanley Wayne Mathis,0.01202926999362533
Starlight Girlz,0.0
Steely Dan,0.00021261709353869514
Stephanie Beatriz,0.03830973975991778
Stephanie D'Abruzzo,0.04794712541663451
Stephen Glavin,0.01058088850064513
Stephen M. Gold,0.0002372523892731405
Stephen Oremus,0.12314720614435393
Stephen Schwartz,0.12314720614435393
Stephen Sondheim,1.022857420928768
Stephen Tewksbury,0.008381913020687677
Stephin Merritt,0.006166359435835985
Stephnie Weir,0.0102015629117364
Stereopony,0.00015824554671773115
Steven Davis,0.058278820655250516
Steven Feifke,0.01646686928832226
Steven M. Gold,0.04888135379628641
Steven Sutcliffe,0.0002411360711889236
Steven Universe,0.11718923232773047
Storyteller (GAiA x cosMo@Bousou P),0.00015581099984515064
Studio Killers,0.017800943009094634
Styles P,6.839917403916584e-06
Sufjan Stevens,0.02891041800809837
Sugarcult,0.0005409910943284192
Sum 41,0.00022339865826012298
Super Mario 64,6.799341622706908e-05
Super Soul Bros,0.026621480224658895
Superfruit,0.20191024622009485
Supergrass,0.0003433290744355756
Survivor,0.014238621280492116
Susan Egan,0.008348351053087103
Susan Misner,0.02566319620328984
Suzanne Vega,0.0026307017920283917
Suzu Maihara,7.402181800679217e-05
Suzuki Masaki,0.008539057224772573
Suzumu,0.012532351715223568
Sweeney Todd 2023 Broadway Company,1.035098670396513
Sweeney Todd 2023 Broadway Orchestra,0.002855375689126533
Sweet Brown,0.007161103694892022
Sweet Sol,0.012868319183639674
Sydney James Harcourt,0.02436633627042691
System Of A Down,0.00020276297524491704
T'Shan Williams,0.003960775900081526
T-Pain,0.03689457244212778
T.M.Revolution,0.028744057305138702
THE ORAL CIGARETTES,0.014681245088087935
THE YELLOW MONKEY,0.00014705822418420656
THEATRE BROOK,0.0003079122139797025
TK from Ling tosite sigure,0.06346405770143657
TKDz2b,0.015764386584779338
TLC,0.05272254707260284
TRUSTRICK,0.09501549534307094
TV Girl,6.428363051647026e-05
TWICE,0.00010016421418616827
Taio Cruz,0.027828088027031163
TakeponG,0.00015082597529653347
Taking Back Sunday,0.0027321412450525785
Talking Heads,0.0005854505574538771
Tally Hall,9.274464276497062e-05
Tambo,0.01284368388790523
Tame Impala,0.0004760698443929398
Tammy Blanchard,0.00016444784470263853
Tanairi Sade Vazquez,0.010334071820086851
Tanya Tucker,0.012010083445653326
Tariq,0.0017707850573919297
Taron Egerton,3.831513054227849e-05
Tate McRae,0.011525144894795987
Tatianna,0.014295891097399482
Tawatha Agee,0.03246885605478511
Taye Diggs,0.061217376695856876
Taylor Louderman,0.0007519851566187275
Taylor Swift,1.02068626884164
Taylor Trensch,0.0002713940108909953
Te Vaka,9.025213049066203e-05
Ted Poley,0.002388000654992809
Teddy Swims,0.024400651788249947
TeddyLoid,0.036439080315348316
Teen Beach Movie Cast,0.023028494798542205
Teen Team,0.00012984249987095888
Tegan and Sara,6.509514614066375e-05
Teniwoha,8.207900884699899e-05
Terkaza,0.004367866916418019
Thayne Jasperson,0.023026987698097273
The 2012 London Cast of Sweeney Todd,0.00038332520162796916
The 8-Bit Big Band,0.19287396177929855
The All-American Rejects,0.01874595295346796
"The Army, The Navy",6.45734575251108e-05
The Ataris,0.019798604648850377
The B-52's,0.1118441267035783
The Baby Einstein Music Box Orchestra,0.009435028439283918
The Band Perry,0.012948079576417549
The Barden Bellas,0.02995907009076155
The Beach Boys,0.03635410303641491
The Beatles,8.90348570543718e-05
The Bedquilt Ramblers,0.012044398963476366
The Bellas,9.286057356842685e-05
The Bettys,0.0035575106002590884
The Blasting Company,0.004209911196708929
The Bu Harmonics,0.01167991251741003
The Buggles,0.0012748910456079775
The Cardigans,6.996423988582472e-05
The Cast of Canada's Drag Race,0.019371921326729782
The Cast of Canada's Drag Race: Canada vs The World,0.013867874571039145
"The Cast of Canada’s Drag Race, Season 1",0.041800126424975714
The Cast of Roald Dahl's Matilda The Musical,0.004039203088619655
The Cast of RuPaul's Drag Race,0.14893583947698336
"The Cast of RuPaul's Drag Race All Stars, Season 2",0.10440084743307387
"The Cast of RuPaul's Drag Race All Stars, Season 5",0.0027835565563854086
"The Cast of RuPaul's Drag Race All Stars, Season 6",0.018950628786969903
"The Cast of RuPaul's Drag Race All Stars, Season 7",0.01374278523410989
The Cast of RuPaul's Drag Race UK,0.024170471177987634
"The Cast of RuPaul's Drag Race UK vs The World, Season 1",0.005229812440114966
"The Cast of RuPaul's Drag Race UK, Season 2",0.009628053227038512
"The Cast of RuPaul's Drag Race UK, Season 3",0.023330610472349095
The Cast of RuPaul's Drag Race season 5,0.014145818672325417
"The Cast of RuPaul's Drag Race, Season 11",0.010947867458985773
"The Cast of RuPaul's Drag Race, Season 12",0.07878448727438034
"The Cast of RuPaul's Drag Race, Season 13",0.13766666979621872
"The Cast of RuPaul's Drag Race, Season 9",0.03102290910867749
"The Cast of RuPaul's Drag Race: All Stars, Season 4",0.04666284397594658
The Cast of RuPaul’s Drag Race All Stars,0.011591283418167756
"The Cast of RuPaul’s Drag Race, Season 10",0.03212906286985495
"The Cast of Rupaul's Drag Race All Stars, Season 3",0.05367636775803885
The Cataracs,0.0200611879186787
The Chainsmokers,0.054231560375790654
The Champs,0.0002516278089017109
The Charlie Daniels Band,0.012454794007711361
The Chevra,0.0006298520551776067
The Chicks,0.004716181015402212
The Chipettes,0.13394053784233256
The Chipmunks & The Chipettes,0.029951070865323066
The City of Prague Philharmonic Orchestra,0.00584928868838324
The Clash,2.4693261136173424e-05
The Consouls,0.2537309675726118
The Covey Band,0.00010630854676934757
The Crane Wives,0.0001857211471368537
The Crickets,0.00748449267113313
The Dartmouth Aires,0.0009607765336433676
The Disney Afternoon Studio Chorus,0.0025572596280388805
The Emotions,0.0013113512832949564
The Fairly Odd Parents,0.003022258080701752
The Foundations,0.0021746300112316487
The Fray,0.006569508804854966
The Frequency Shifters,0.012694422978455354
The Greatest Bits,0.00035932752531253305
The Gregory Brothers,0.002928180233697035
The Gregory Brothers & Daym Drops,0.00013847934472844677
The Harlem Gospel Travelers,0.01377072455774284
The Hello Kids,0.0002522654283207201
The Hit Crew,0.015108044341011987
The Howard Family,0.0016797214112770742
The Ink Spots,0.00022223935022556087
The Irrepressibles,3.460534483167966e-05
The Jackson 5,5.5183062445157515e-05
The Japanese House,8.63684485748789e-06
The Kid LAROI,0.01793246650561571
The Killers,0.033597152599422704
The Kinks,0.0006083468911364791
The Living Tombstone,0.007096530237366912
The Lonely Island,0.04496497939392861
The Lumineers,0.000552758070879225
The Mamas & The Papas,7.790549992257532e-05
The Manhattan Singers,0.0
The Marcus Hedges Trend Orchestra,0.0010309726351361047
The Marvelettes,0.007145163209416793
The Marías,7.263064836531761e-05
The Mowgli's,0.010134323045731796
The Muppets,0.00013726207129215653
The Muppets Barbershop Quartet,0.00027724851646553403
The Mystery of Edwin Drood - The 2013 New Broadway Cast,0.01966348729742216
The National,0.006060920370092558
The Nostalgia Girls,0.012834525354432188
The Offspring,0.0005073711613261175
The OneUps,0.04073095459010079
The Original Broadway Cast Of School Of Rock,0.03537211116573906
The Orion Experience,0.000803400467951558
The Other Realm,0.010114730739947696
The Pearlie Chorus,0.007131251513002048
The Police,8.207900884699899e-05
The Pretty Reckless,0.012514324475286127
The Prince of Egypt Original Cast Ensemble,0.0039665144748526095
The Pussycat Dolls,0.060737770961958516
The Rare Occasions,0.002581952889175054
The Rio Singers,0.01942345256886607
The Rolling Stones,4.3242189689167555e-05
The Runaways,0.0016261034146785756
The Score,8.654234478006321e-05
The Script,0.06827078067433809
The Simpsons,0.42983837893665383
The Sockapellas,0.0011009368750219295
The Sons of Pitches,0.002415070497599835
The Sound of Music Ensemble (1998),0.00011622063046485381
The Stardust Sisters,0.016409019817397612
The Supremes,0.0003404887697508984
The Tone-Gens,0.012984249987095887
The Treblemakers,0.05837886893863322
The Turtles,0.003751173007432693
The Wanted,0.05442168689345884
The Weather Girls,0.02860465051398261
The Weeknd,0.0603211156543369
The White Stripes,3.831513054227849e-05
The Wicked Orchestra,0.0009767170191185969
The Zame,0.00237542216281781
They Might Be Giants,5.379189280368297e-05
Thomas Doherty,0.011055161417584497
Thomas Newman,0.0005232536813996186
Tiffany Mann,0.01245699669297703
Tik Tok Trends,0.0016200170474971244
Tim Dacey,0.04432475153184167
Tim Lowe,0.00021771804889076851
Tim Rauhoff,9.767170191185968e-05
Timbaland,0.021359960709798658
Tinashe,0.04539566232876844
Tiësto,0.0003746303913687532
Toa,0.02974523572378656
Toad,0.0007246254870030612
Tobias Trost,0.0016163652271882537
Toby Fox,0.17023824054286602
Todrick Hall,0.00021128388929894868
Tokio Hotel,0.0002930730711373072
Tokyo Anniversary,0.00010497534252960111
Tokyo Elvis,0.00012514730233098223
Tokyo Philharmonic Orchestra,0.12485133098975852
Tom Aldredge,0.01838865421721591
Tom Jones,6.45734575251108e-05
Tom Kenny,0.030416301179592854
Tom Nethersole,0.03831843457017699
Tom Polce,0.010279120619248606
Tom Scharpling,0.021746705870128582
Tom Tom Club,0.00011169932913006149
Tom Wopat,0.0026766683555987806
Tommy Richman,0.0009030429935221733
Tommy Tutone,0.011956001725841003
Tommy february6,0.00017308468956012642
Tommy heavenly6,0.017944001620559605
Tomohisa Sako,0.001170263495488745
Tone Stith,2.5156984349998282e-05
Tonight We Fight,0.00041051097503845124
Tony Brattoli,0.0067684460635858285
Tony Harnell,0.002388000654992809
Tony Roberts,0.026712080147559925
Topher Ngo,0.0026909858098256223
Toraboruta,0.016606565906487
Toshiko Ezaki,0.00010138148762245852
Tovah Feldshuh,0.04616845706460756
Tove Lo,0.00038894784559559555
Toy-Box,0.00013476955901784793
Tracie Thoms,0.010592945304204576
Tracy Nicole Chapman,0.011987245077372453
Train,0.216614677468874
Travie McCoy,0.003082484133097255
Travis Scott,0.014767439640457633
Trey Parker,0.0003131291001352321
Trey Songz,0.040706029467357706
Trinity the Tuck,0.0001224229284497612
Trixie Mattel,0.11656001789197189
Troy,0.05264348226464571
Troye Sivan,0.2738490195503858
Tsubasa Mori,0.00023615104664030645
Tsukasa Hiiragi (CV: Kaori Fukuhara),0.024161950263933602
Tudd,0.00013592886705241007
Tufts University Sq!,0.00026953911803569586
Twenty One Pilots,0.020258734007768085
Twilight Sparkle,0.004396385894068248
TxFx Astaror,0.00032379473405320366
Ty Dolla $ign,0.08662001841837888
Tyga,0.00016566511813892877
Tyla,0.032361446165382925
"Tyler, The Creator",0.003834411324314254
Typhillosion,4.573470196347614e-05
TЯicKY,0.0020107618205462913
U2 Akiyama,0.03364659708709678
ULXI,0.012636457576727246
UMETORA,0.0006531541466723057
UNDER GRAPH,9.274464276497062e-05
UNISON SQUARE GARDEN,0.0002942903445735974
UPSAHL,0.00013053808469169615
USHER,0.16116543789898102
UVERworld,0.00014960870186024323
Ultra-Noob,0.00010358417288812656
Ulver,0.00046615776069743357
Uma German,0.0008569025337466004
Umegaki Runa,0.033915556551115195
Uncle Sabu & Co.,0.015604460041411493
Unknown Number!!!,0.00023684663146104375
UtataP,0.00033138820167958564
Utsu-P,0.0007108876867934998
Uzo Aduba,0.013257440925440452
VASSY,0.012967613916799922
VAX,0.0003338807139538942
VGR,8.746979120771291e-05
VIZE,0.0002930730711373072
VKrow,7.663026108455699e-05
Vacations,0.009837308327276978
Valeria,0.0016829674737738481
Vampire Weekend,0.011768483651250577
Van McCoy,0.017228534667029585
Vance Joy,0.028456432981763837
Vaneese Thomas,0.04081720710787221
Vanessa,0.03494577563602883
Vanessa Carlton,0.013255064343969603
Vanessa Hudgens,0.04547837895703445
Vanessa Morgan,0.0003127813077248634
Vantage,0.000305477667107122
Varian,0.014355595461179434
Various Artists,0.000506037957086371
Ve'ondre,7.796346532430343e-05
Veeze,0.008187555028693335
Vella Lovell,0.1676228995822956
Vetrom,0.02218191010630321
Vicky Vox,0.044649589643125986
Victoria Clark,0.007171015778587528
Victoria Justice,0.14112158163541905
Victoria Shell,0.0
Victorious Cast,0.17125570723939948
Video Game Players,0.007854543795765362
Video Games Live,0.01264799269167114
Village People,0.035561194306176144
Villagers of Motunui,0.0010473768438251589
Vincent Rodriguez III,0.2684098940446306
ViralityX,0.0007805620996706841
Vivid BAD SQUAD,0.00013650852106969114
Vjuan Allure,0.03363656907259782
Vladimir Ruso,0.00015581099984515064
VoicePlay,0.0016754899369509225
Vundabar,0.00039845417147900506
Värttinä,0.029538994824437958
WADATAKEAKI KurageP,0.0004154380341853403
WALK THE MOON,0.011699910581006228
WEISS,5.784947092465043e-05
WNX,0.009399495648024588
WagakkiBand,9.888897534814992e-05
Waitress Original Broadway Cast Ensemble,0.05608123634493453
Waka Flocka Flame,0.00016566511813892877
Walk off the Earth,5.686405909527262e-05
Walter,0.06750534754451844
Wanz,0.03990923705520315
Waterbury Mesivta,0.00038628143711610263
Watsky,0.02129927093418933
Wayne Kirkpatrick,0.002625890663684959
We The Kings,0.02552170265767153
Ween,7.912277335886557e-05
Weezer,0.011023048585027128
Wendy Molyneux,0.0034139882655802966
West Side Story Ensemble (Original Motion Picture Soundtrack),0.003153317854009001
West Side Story Orchestra,0.02093982747807334
Wham!,0.003017910675572144
When Thieves Run,0.00039445455875976564
White Gold,0.032947012653640265
White Lie,0.008237984928196787
Whiteberry,0.00011372811819054523
Whitney Houston,0.12790262973672606
Whoopi Goldberg,0.012764735010751548
Wicked Movie Cast,0.01544406977482982
Wiener Philharmoniker,0.00015331848757084204
Wild Cherry,0.00014711618958593463
Wild Rice,0.00036228376080066647
Will Bell,0.08524762956706422
Will Burton,0.0002713940108909953
Will Forte,0.0004893439213886762
Will Roland,0.025847931938597312
Will Smith,0.01179016271149689
Will Stetson,0.009148621389345343
Willam,0.044649589643125986
Wilson Jermaine Heredia,0.010592945304204576
Wilson Phillips,0.011725763150176963
Wish - Cast,0.0
Within Temptation,0.0038954488923339504
Wiz Khalifa,0.05328562298498968
Wolfgang Amadeus Mozart,0.007845559158497505
Wonderful★opportunity!,0.024222582074141203
Wuki,0.008912180515696396
Wyclef Jean,0.017180655245202167
Wynton Marsalis,0.0055973130870711615
Wynton Marsalis Septet,0.0055973130870711615
XKYLAR,0.006524121895301858
Y2K,0.002410143438452946
YAKUSHIMARU Etsuko,0.00015082597529653347
YM,0.013934071059812644
YOASOBI,0.10122973420073433
YUI,0.04196005296834356
Yael Naim,0.0009694713439025836
Yaelokre,0.0004656940374836087
Yama,0.012169430335003893
Yassmin Alers,0.010334071820086851
YeLLOW Generation,9.146940392695228e-05
Yellowcard,0.0008075160114742536
Yendorami,0.007868803284590477
Ygal Amar,0.003222586509074089
Ylvis,0.012450736429590393
Yoko Shimomura,0.04243444181608638
Yoko Takahashi,0.0005248767126480056
Yoshiki,6.10375680196963e-05
Young Thug,0.03467548296777068
Young the Giant,0.015580172538087413
Yousei Teikoku,0.0016339867093135981
Yu-Gi-Oh!,0.000499545832092823
Yugo Kanno,0.008712953429956894
Yui Makino,0.0002794512017312021
Yukari Hashimoto,0.00022009463036162092
Yuko Koura,0.0015716739024558835
Yumeoto,0.00014468164271335418
Yumiko,0.02830549107566385
Yung Gravy,0.0019543035192631153
Yung Hood,0.014262387095200637
Yung Lean,0.0025769678646264367
Yunosuke,0.013431626957633416
Yusuke,0.06638244178224155
Yuu Hokazono,7.402181800679217e-05
Yuuto,0.0014042698222651113
Yuuyu,0.027707462026034975
Yuzo Koshiro,0.0
Yuzuki,0.06041977276807813
ZAYN,0.0016368849794000033
ZEE MACHINE,0.010265208922833861
ZEROBASEONE,0.009117783795625991
Zac Efron,0.06541627446623746
Zach Bryan,0.013983805374495357
Zach Callison,0.05912656465552408
Zach Galifianakis,0.0356075086621569
Zach Sherwin,0.010034970347169821
Zachary Levi,0.03674554339428482
Zack Galifianakis,0.007589583944466187
Zak Abel,4.9270591468890644e-05
Zakkuro Motoki,7.402181800679217e-05
Zakuro Motoki,0.14404970390371435
Zara Larsson,0.054875092265776096
Zdeněk Košler,0.00015581099984515064
Zedd,0.033461687455584116
Zendaya,0.07648633299206609
Zina,0.0005638874280110214
Zolita,0.0016550281501409008
Zooey Deschanel,0.0007543037726878516
Zuzu,0.011244128627218125
Zwei,0.0415474552388429
^QueenRahana^,0.00016554918733547257
a-ha,0.0026120369326719417
aki <3,0.02499937642269956
alt-J,0.00011993041617545265
amazarashi,0.0002486136080118494
asmi,0.05136986645787575
asteria,0.0002425852062321263
benny blanco,0.008791786376307118
blackbear,0.020433209866969688
blink-182,0.033875154666110706
boggio,0.006627532171984802
boygenius,6.19070490456179e-05
bôa,2.5968499974191774e-05
chotokkyu,0.00013587090165068197
cinema staff,0.00015071004449307727
cosMo@Bousou-P,0.00907245485147461
cupcakKe,0.03362230958377271
dai,0.14320601748156178
daniwellP,0.0015004923891337686
dazy,0.00982681658956419
dazy3,0.01647150652046051
dj-Jo,0.008843955237862414
doriko,0.0019525065918095442
ellis,0.000901825720085883
emon(Tes.),0.0009159113127058129
everset,0.0003746883567704813
femme fatale,0.0006640516421971897
flower,0.011768889409062674
flowerovlove,0.0003560814628157591
fun.,0.09819483966245586
gigaP,0.0012651528581176556
hachi,0.008894790895177963
hitomi,0.0008890733317056997
inabakumori,8.207900884699899e-05
insaneintherainmusic,0.0954926665300967
iroha(sasaki),0.0007233502481650428
i☆Ris,0.00020658869175897208
jimmythumbP,0.0001143657376095544
justine sainte,0.003222586509074089
kai,0.013522516707543085
kemu,0.0008221812581114646
kinoshita,0.0007752872481134263
knotlamp,0.0321295845584705
kobasolo,0.001903120069537197
kobzx2z,0.023625770297948618
kosame,0.0020236301397299305
lil aaron,0.00315824491315589
livetune,0.051490492458871946
luz,0.0014042698222651113
mahoushoujo,0.02499937642269956
mao(bass),0.0014042698222651113
me7k,0.0011009368750219295
melody :3,0.02499937642269956
mgk,0.017812362193235072
mothy,0.06585408714548986
mousike,0.11779734735726004
mulmeyun,0.01751888336428567
n.k,0.00015082597529653347
nano haduki,0.043659482616208195
nano.RIPE,0.001188812424041739
natori,0.00012781371081047513
nayuta,0.024696970921884026
neodoesmoosic,0.007837849760067668
nightcore sped up,0.00011569894184930086
nomico,0.042873181941766425
noripy,0.0156405724866881
nyanyannya,9.767170191185968e-05
okameP,0.00021261709353869514
onewP,0.00026953911803569586
otetsu,0.0002086174808194558
pine,0.028844337450128328
pre-holder,0.17164998790195404
project G.E. サウンドチーム,0.00012984249987095888
rerulili,0.0004451163198701309
robbietheused,0.035084139049953826
ryo (supercell),0.000625620580851455
salem ilese,0.00857586525486992
sasakure.UK,0.0004534633377189782
shitoo,5.808133253156285e-05
skaiwater,0.0011251664129442779
skyemane,0.005303428500309661
sora yuiduki,0.0012805716549773318
sped up + slowed,0.0016200170474971244
supercell,0.0005248767126480056
syudou,0.012380714224302841
t.A.T.u.,0.0016795475150718899
the Cast of RuPaul's Drag Race season 6,0.020192305657387676
tokuP,0.00036599354651126534
uchuu;,0.000296782856847906
ur pretty,0.031145100175520336
vistlip,0.00113061516070672
vunes,0.013330129539207501
will.i.am,0.21658372394435121
wowaka,0.0008779439745739031
xaki,0.22648334507848591
yama,0.011836013344263823
yell0,0.017768598314930353
yudai,0.0061267111010539594
yuduki,0.017533142853110785
z'5,0.00011622063046485381
zts,0.3866212882664345
zyesisama sinneitai no minasama,0.0025365659796219467
μ's,0.00887566231260769
ЯeaL,0.0022794894229577938
יהודה מור,0.0024408071359671144
שמואל,0.00028936328542670837
‘Into The Woods’ 2022 Broadway Cast,0.011725241461561411
いとうかなこ,0.034160924096630275
からあげ姉妹,0.03532811542582742
きんか うぃず あ よーん,0.0023486421472194248
ぐちり,0.00022502168950850997
ぐるみん(CV:青山吉能),0.06075817478336682
じゅり,0.0009100568071312742
じん,9.025213049066203e-05
そらる,0.012532351715223568
ぼっちぼろまる,0.011703852228323739
まりも,0.009055297092563091
みょみょ,0.012692568085600054
めろくる,8.613658696796646e-05
わかばやし,0.012692568085600054
アトラスサウンドチーム,0.6934365070184326
オリオ(CV:佐倉綾音),0.07631823332705458
ガルナ(オワタP),0.000211457785504133
キャロル&チューズデイ(Vo.Nai Br.XX&Celeina Ann),1.4781177440667192e-05
キョンの妹 (CV.あおきさやか),0.014683679634960516
ギザみみピチュー,0.001108298481041399
サイキックラバー,0.015399842173311275
サウンドワークス,0.0006059703096656269
サトシ(CV:松本梨香),0.032704369482006404
シロクマ消しゴム,0.00025974296514364587
タカヨシ ユウコ,0.0007954592079148074
ドット(CV:青山吉能),0.010587554521843862
ドナ・バーク,0.00012984249987095888
ナノウ,0.04203894388009552
ニト。,8.526710594204487e-05
ヒプノシスマイク -D.R.B- Rhyme Anima (Division All Stars),0.0001683894920201498
ピンキッツ,0.0009818179744706702
フォーエイト48,0.019244513373731405
フリード(CV:八代拓),0.07269110627932003
ブレンド・A,0.00024090420958201118
ベットに根っこ生えてる系,0.00023122398749341738
ポケモン音楽クラブ,0.0013391167107227196
マードック(CV:三宅健太),0.07106824892713823
メロエッタ(CV:中島愛),0.0009187516173904902
モリー(CV:真堂圭),0.07182434962727965
ヤスオ,0.000756680354158704
ユミコ & 高良祐子,0.0007954592079148074
ヨルシカ,0.027626078602008716
ラプラス・ダークネス,0.0030377928083648847
ランドウ(CV:塾一久),0.06770237194499226
リコ(CV:鈴木みのり),0.12884074179829375
ロイ(CV:寺崎裕香),0.12884074179829375
ワンダーランズ×ショウタイム,0.0032016609990502417
三原JAPAN,0.0013565063312411516
亜咲花,0.04373275088399252
光宗信吉,0.006304433022752335
初星学園,0.0004216403321702477
千葉雄喜,0.03427662303847957
博衣こより,0.0030377928083648847
古泉一樹 (CV.小野大輔),0.020031973356207735
和田たけあき,8.207900884699899e-05
唐伯虎Annie,0.00014085592619929915
喜緑江美里 (CV.白鳥由里),0.03137516485497919
天馬司,0.002679856452693826
安城鳴子（CV.戸松 遥）,0.00012984249987095888
宝鐘マリン,0.012022777868631781
実谷なな,0.015676684931964713
寺島拓篤,0.013873960938220596
小宮知子,0.06355912096027067
小松未歩,0.007937434320236554
岡部啓一,0.006489458585068451
川村ゆみ,0.038709005447020974
工藤尚規,0.09517768253710618
平田志穂子,0.1903462065407393
彩音,0.15764322822837437
後藤邑子,0.17894423812461555
斉条史朗,0.014918845269771447
朝比奈みくる (CV.後藤邑子),0.02857966742583779
未来,0.001903120069537197
本間芽衣子（CV.茅野愛衣）,0.00012984249987095888
朱里エイコ,0.009827164381974559
来兎,0.00043636354420918677
東京都日野市立七生緑小学校合唱団,0.00018786586700079362
松澤由美,0.02394979689360873
松田里奈,0.0031967919053050814
柴田徹也,0.018730997879822107
栗原正和,0.16542166345167073
梁 邦彦,0.0008385275013987906
梶浦 由記,0.0009519657925806954
森田ひかる,0.0031967919053050814
植松 伸夫,6.590666176485724e-05
櫻坂46,0.0031967919053050814
沙花叉クロヱ,0.0030377928083648847
浅野孝已,9.639646307384135e-05
涼宮ハルヒ (CV.平野 綾),0.06399583229689021
無力P,7.129744412557116e-05
片霧烈火,0.02229088506155205
物語シリーズ,0.015493688158709079
真下かなみ(CV:寿美菜子),0.0001519852833310956
神代類,0.002679856452693826
神前 暁,0.4092373012662795
秘密結社holoX,0.0030377928083648847
稲葉曇,0.005029194184733988
竹中大地,0.0049764456691614115
紗倉ひびき(CV:ファイルーズあい),0.0002086174808194558
花海咲季,0.0004216403321702477
茅原実里,0.14203685532870586
草薙寧々,0.002679856452693826
街雄鳴造(CV:石川界人),0.0002086174808194558
西川くんとキリショー,0.002708027637933686
西郷憲一郎,0.00030953524522808946
遠藤正明,0.1378272919244073
重音テト,0.03569689131162164
鏡音リン・レン,0.014772076872595881
鐘 嵐珠 (CV.法元明菜),0.0
長門有希 (CV.茅原実里),0.01878299284517222
鞠紅川,0.00014085592619929915
音街ウナ,0.00020525548751922562
風真いろは,0.0030377928083648847
高橋あず美,0.11348750380797185
高田龍一,0.0071820292049158685
鳳えむ,0.002679856452693826
鶴三,0.00048099690353982887
鶴見知利子（CV.早見沙織）,0.00012984249987095888
鷹嶺ルイ,0.0030377928083648847
黒崎真音,0.16174190381916706
ꉈꀧ꒒꒒ꁄꍈꍈꀧ꒦ꉈ ꉣꅔꎡꅔꁕꁄ,0.0001187131427391624
이정현,0.04710332306367846
﨑元 仁,0.0012452707253249149
